Round;Reward;Average Reward;Steps Survived;Coins Collected;Enemies Killed;Crates Destroyed
1;-78750.0;-78750;24;3;0;0
2;-68300;-73525;5;0;0;0
3;-50200;-65750;7;0;0;0
4;-81750;-69750;25;2;0;0
5;-70300;-69860;12;2;0;0
6;-74550;-70642;11;0;0;0
7;-61150;-69286;30;5;0;0
8;-37750;-65344;21;1;0;0
9;-75550;-66478;18;1;0;0
10;-95050;-69335;35;1;0;0
11;-69650;-69364;6;1;0;0
12;-84100;-70592;29;2;0;0
13;-66700;-70292;5;2;0;0
14;-51000;-68914;9;1;0;0
15;-70150;-68997;32;1;0;0
16;-37750;-67044;17;1;0;0
17;-47550;-65897;7;2;0;0
18;-108400;-68258;39;3;0;0
19;-89250;-69363;32;0;0;0
20;-54300;-68610;15;1;0;0
21;-51850;-67812;9;1;0;0
22;-107100;-69598;33;2;0;0
23;-134650;-72426;16;0;0;0
24;-76400;-72592;15;1;0;0
25;-51300;-71740;8;0;0;0
26;-68800;-71627;5;0;0;0
27;-49600;-70811;8;1;0;0
28;-72600;-70875;10;1;0;0
29;-45500;-70000;30;2;0;0
30;-72200;-70073;16;2;0;0
31;-90200;-70723;54;1;0;0
32;-73900;-70822;11;1;0;0
33;-116950;-72220;41;3;0;0
34;-70350;-72165;41;1;0;0
35;-28450;-70916;5;2;0;0
36;-58400;-70568;54;3;0;0
37;-54100;-70123;9;0;0;0
38;-71450;-70158;18;2;0;0
39;-169400;-72703;62;8;0;0
40;-61250;-72416;23;2;0;0
41;-53850;-71963;10;1;0;0
42;-76100;-72062;14;1;0;0
43;-30650;-71099;7;2;0;0
44;-77050;-71234;15;0;0;0
45;-68000;-71162;6;1;0;0
46;-76600;-71280;15;0;0;0
47;-118350;-72282;52;3;0;0
48;-70100;-72236;6;0;0;0
49;-45450;-71690;22;0;0;0
50;-51450;-71285;8;2;0;0
51;-54850;-70963;10;0;0;0
52;-68800;-70921;5;0;0;0
53;-68550;-70876;5;1;0;0
54;-70950;-70878;8;0;0;0
55;-69650;-70855;7;1;0;0
56;-77450;-70973;17;0;0;0
57;-98350;-71454;25;3;0;0
58;-57050;-71205;12;0;0;0
59;-67200;-71137;5;2;0;0
60;-46650;-70729;27;3;0;0
61;-68200;-70688;6;0;0;0
62;-74850;-70755;16;3;0;0
63;-30600;-70117;6;0;0;0
64;-84800;-70347;20;0;0;0
65;-55950;-70125;13;1;0;0
66;-79250;-70264;17;0;0;0
67;-82950;-70453;22;2;0;0
68;-93950;-70799;31;3;0;0
69;-48050;-70469;44;2;0;0
70;-19450;-69740;11;0;0;0
71;-49750;-69458;8;2;0;0
72;-70750;-69476;47;7;0;0
73;-139900;-70441;55;7;0;0
74;-55200;-70235;17;1;0;0
75;-93050;-70539;19;2;0;0
76;-57900;-70373;35;2;0;0
77;-84700;-70559;52;5;0;0
78;-57200;-70388;17;1;0;0
79;-63750;-70304;40;6;0;0
80;-68200;-70278;8;1;0;0
81;-42600;-69936;22;3;0;0
82;-35250;-69513;16;1;0;0
83;-76000;-69591;15;1;0;0
84;-29850;-69118;12;2;0;0
85;-29050;-68646;5;1;0;0
86;-49450;-68423;6;1;0;0
87;-48400;-68193;23;5;0;0
88;-67700;-68188;11;3;0;0
89;-58000;-68073;22;2;0;0
90;-35050;-67706;17;0;0;0
91;-28150;-67271;5;1;0;0
92;-66700;-67265;39;3;0;0
93;-75900;-67358;23;2;0;0
94;-86600;-67563;25;2;0;0
95;-83800;-67734;31;4;0;0
96;-48250;-67531;33;2;0;0
97;-56950;-67422;25;3;0;0
98;-72050;-67469;13;1;0;0
99;-116000;-67959;50;5;0;0
100;-94450;-68224;42;1;0;0
101;-49700;-68041;5;0;0;0
102;-63700;-67998;7;2;0;0
103;-75250;-68068;13;0;0;0
104;-49950;-67894;8;2;0;0
105;-76100;-67972;32;3;0;0
106;-53000;-67831;8;0;0;0
107;-88850;-68028;26;0;0;0
108;-69850;-68044;7;1;0;0
109;-79800;-68152;90;12;0;0
110;-48100;-67970;5;2;0;0
111;-43750;-67752;36;3;0;0
112;-31050;-67424;17;1;0;0
113;-53500;-67301;29;0;0;0
114;-69300;-67318;7;1;0;0
115;-72500;-67363;9;0;0;0
116;-25750;-67005;7;1;0;0
117;-65550;-66992;21;0;0;0
118;-68300;-67003;10;1;0;0
119;-75600;-67076;21;0;0;0
120;-50250;-66935;8;1;0;0
121;-126900;-67431;78;1;0;0
122;-92000;-67632;41;9;0;0
123;-136150;-68189;78;3;0;0
124;-39250;-67956;31;3;0;0
125;-74850;-68011;10;0;0;0
126;-49200;-67862;6;2;0;0
127;-36900;-67618;12;0;0;0
128;-56650;-67532;25;3;0;0
129;-26350;-67213;11;2;0;0
130;-96550;-67439;19;1;0;0
131;-40500;-67233;17;0;0;0
132;-73150;-67278;43;2;0;0
133;-130200;-67751;36;7;0;0
134;-63150;-67717;34;4;0;0
135;-50050;-67586;6;1;0;0
136;-75600;-67645;41;3;0;0
137;-99600;-67878;37;1;0;0
138;-30900;-67610;8;1;0;0
139;-27000;-67318;9;1;0;0
140;-17500;-66962;8;0;0;0
141;-59800;-66911;26;2;0;0
142;-52750;-66812;16;2;0;0
143;-51300;-66703;11;1;0;0
144;-112950;-67024;43;0;0;0
145;-98100;-67239;46;1;0;0
146;-51150;-67128;7;0;0;0
147;-49700;-67010;5;0;0;0
148;-31150;-66768;6;0;0;0
149;-46450;-66631;41;6;0;0
150;-50450;-66523;11;2;0;0
151;-50250;-66416;11;2;0;0
152;-100450;-66639;48;3;0;0
153;-160150;-67251;69;5;0;0
154;-106600;-67506;59;7;0;0
155;-50350;-67395;10;1;0;0
156;-48350;-67273;5;1;0;0
157;-70850;-67296;29;6;0;0
158;-93650;-67463;16;0;0;0
159;-15200;-67134;16;1;0;0
160;-72650;-67169;8;0;0;0
161;-53050;-67081;23;1;0;0
162;-85550;-67195;28;1;0;0
163;-110800;-67463;80;6;0;0
164;-65100;-67448;29;1;0;0
165;-57000;-67385;14;1;0;0
166;-48900;-67273;5;1;0;0
167;-123650;-67611;100;7;0;0
168;-68550;-67617;6;1;0;0
169;-54950;-67542;14;1;0;0
170;-51200;-67446;49;2;0;0
171;-84650;-67546;57;5;0;0
172;-19850;-67269;12;0;0;0
173;-50400;-67171;8;0;0;0
174;-48100;-67062;5;2;0;0
175;-56250;-67000;14;1;0;0
176;-30050;-66790;7;0;0;0
177;-44550;-66664;11;3;0;0
178;-49750;-66569;9;2;0;0
179;-84400;-66669;41;2;0;0
180;-73600;-66708;30;4;0;0
181;-37200;-66544;22;3;0;0
182;-86800;-66656;78;3;0;0
183;-54250;-66588;15;1;0;0
184;-92300;-66728;19;1;0;0
185;-14250;-66444;24;4;0;0
186;-50350;-66358;25;8;0;0
187;-10150;-66057;5;1;0;0
188;-48350;-65963;5;1;0;0
189;-45000;-65852;11;3;0;0
190;-84000;-65947;34;4;0;0
191;-38550;-65804;31;4;0;0
192;-68400;-65817;36;4;0;0
193;-51350;-65742;20;3;0;0
194;-52150;-65672;28;8;0;0
195;-50100;-65593;29;1;0;0
196;-11550;-65317;9;3;0;0
197;-14650;-65060;28;5;0;0
198;-70300;-65086;7;0;0;0
199;-68950;-65106;9;1;0;0
200;-27150;-64916;7;3;0;0
201;-59650;-64890;23;4;0;0
202;-43000;-64781;23;1;0;0
203;-83700;-64874;24;2;0;0
204;-56400;-64833;15;1;0;0
205;-55450;-64787;16;2;0;0
206;-63750;-64782;24;1;0;0
207;-31800;-64623;24;0;0;0
208;-62150;-64611;39;4;0;0
209;-77350;-64672;22;0;0;0
210;-43050;-64569;34;2;0;0
211;-49400;-64497;8;2;0;0
212;-69400;-64520;11;3;0;0
213;-36600;-64389;14;1;0;0
214;-119250;-64645;39;3;0;0
215;-57050;-64610;32;1;0;0
216;-59000;-64584;18;1;0;0
217;-65650;-64589;41;4;0;0
218;-110500;-64800;54;9;0;0
219;-20500;-64597;12;1;0;0
220;-60150;-64577;74;7;0;0
221;-43350;-64481;53;7;0;0
222;-69550;-64504;15;3;0;0
223;-76800;-64559;26;4;0;0
224;-49700;-64493;5;0;0;0
225;-49050;-64424;26;0;0;0
226;-77150;-64480;54;9;0;0
227;-44600;-64393;8;2;0;0
228;-83300;-64476;32;2;0;0
229;-41050;-64373;29;3;0;0
230;-97850;-64519;68;4;0;0
231;-33950;-64387;9;0;0;0
232;-61100;-64372;65;9;0;0
233;-144300;-64715;137;19;0;0
234;-31250;-64572;11;1;0;0
235;-72000;-64604;16;3;0;0
236;-96600;-64740;42;0;0;0
237;-9850;-64508;7;1;0;0
238;-134100;-64800;98;5;0;0
239;-66150;-64806;59;9;0;0
240;-50000;-64744;7;1;0;0
241;-81200;-64813;74;8;0;0
242;-72100;-64843;41;4;0;0
243;-20000;-64658;27;4;0;0
244;-103500;-64817;72;8;0;0
245;-30000;-64675;48;8;0;0
246;-30650;-64537;11;1;0;0
247;-35200;-64418;14;4;0;0
248;-34450;-64297;9;0;0;0
249;-10900;-64083;8;1;0;0
250;-21800;-63914;22;2;0;0
251;-66000;-63922;60;11;0;0
252;-25750;-63771;25;0;0;0
253;-41250;-63682;42;10;0;0
254;-14500;-63488;17;2;0;0
255;-51750;-63442;33;0;0;0
256;-15100;-63253;11;2;0;0
257;-46750;-63189;42;5;0;0
258;-54950;-63157;10;1;0;0
259;-150500;-63494;87;7;0;0
260;-74250;-63536;17;0;0;0
261;-28100;-63400;7;1;0;0
262;-35150;-63292;43;10;0;0
263;-209950;-63850;172;5;0;0
264;-256900;-64581;157;15;0;0
265;-59300;-64561;50;5;0;0
266;-53500;-64519;61;11;0;0
267;-195350;-65009;119;5;0;0
268;-139650;-65288;99;11;0;0
269;-45700;-65215;53;7;0;0
270;-65450;-65216;51;6;0;0
271;-146700;-65517;63;9;0;0
272;-61650;-65502;19;0;0;0
273;-136500;-65762;198;5;0;0
274;-59950;-65741;46;11;0;0
275;-37100;-65637;99;16;0;0
276;-78850;-65685;25;4;0;0
277;-20800;-65523;23;7;0;0
278;-53750;-65481;12;2;0;0
279;-48000;-65418;7;0;0;0
280;-22600;-65265;52;15;0;0
281;-48250;-65204;9;2;0;0
282;-250600;-65862;128;12;0;0
283;-62000;-65848;28;1;0;0
284;-58500;-65822;38;7;0;0
285;-51550;-65772;15;1;0;0
286;-157200;-66092;174;22;0;0
287;-98600;-66205;118;16;0;0
288;-128500;-66422;45;7;0;0
289;-207450;-66910;296;13;0;0
290;-224850;-67454;194;11;0;0
291;-91950;-67538;18;5;0;0
292;-42500;-67453;34;3;0;0
293;-170400;-67804;105;8;0;0
294;-294500;-68575;400;15;0;0
295;-32750;-68454;28;4;0;0
296;-59700;-68424;59;10;0;0
297;-147300;-68690;137;13;0;0
298;-28200;-68554;5;3;0;0
299;-84500;-68607;128;15;0;0
300;-30400;-68480;9;3;0;0
301;-67400;-68476;38;8;0;0
302;-73750;-68494;63;13;0;0
303;-23850;-68346;24;7;0;0
304;-34400;-68235;120;27;0;0
305;-47250;-68166;5;1;0;0
306;-247550;-68752;301;9;0;0
307;-200150;-69180;260;8;0;0
308;-28400;-69048;7;2;0;0
309;-90750;-69118;55;13;0;0
310;-58500;-69084;69;5;0;0
311;-179450;-69438;232;12;0;0
312;-144500;-69679;275;13;0;0
313;-146900;-69926;261;26;0;0
314;-5400;-69720;60;20;0;0
315;-96200;-69804;114;15;0;0
316;-262700;-70415;326;21;0;0
317;-11750;-70230;12;2;0;0
318;-366000;-71160;356;15;0;0
319;-29250;-71028;63;11;0;0
320;-91450;-71092;69;7;0;0
321;-288350;-71769;400;15;0;0
322;-29850;-71639;7;1;0;0
323;-156050;-71900;184;23;0;0
324;-5600;-71696;22;6;0;0
325;-188750;-72056;244;15;0;0
326;-75250;-72065;108;12;0;0
327;-319250;-72821;400;21;0;0
328;-354750;-73681;392;9;0;0
329;-71050;-73673;96;15;0;0
330;-222300;-74123;251;2;0;0
331;-313750;-74847;400;17;0;0
332;-14050;-74664;41;7;0;0
333;-176150;-74969;182;7;0;0
334;-40850;-74867;35;11;0;0
335;-167500;-75143;156;3;0;0
336;-330800;-75904;400;14;0;0
337;-343650;-76699;400;25;0;0
338;-293300;-77339;312;14;0;0
339;-274150;-77920;170;1;0;0
340;-409850;-78896;400;10;0;0
341;-250500;-79400;146;1;0;0
342;-167300;-79657;102;1;0;0
343;-115100;-79760;74;3;0;0
344;-215550;-80155;200;1;0;0
345;-70150;-80126;46;0;0;0
346;-226700;-80549;175;0;0;0
347;-461100;-81646;340;8;0;0
348;-314250;-82314;250;6;0;0
349;-418300;-83277;400;11;0;0
350;-40050;-83154;18;0;0;0
351;-503900;-84352;387;6;0;0
352;-77050;-84332;12;0;0;0
353;-62900;-84271;20;1;0;0
354;-179750;-84541;107;2;0;0
355;-414150;-85469;400;2;0;0
356;-247700;-85925;180;2;0;0
357;-110700;-85994;90;2;0;0
358;-411400;-86903;400;1;0;0
359;-430950;-87861;400;7;0;0
360;-222500;-88235;181;3;0;0
361;-225100;-88615;160;3;0;0
362;-294350;-89183;295;6;0;0
363;-59900;-89102;34;0;0;0
364;-113600;-89170;79;4;0;0
365;-191100;-89449;146;2;0;0
366;-87050;-89442;78;4;0;0
367;-296350;-90006;278;1;0;0
368;-289000;-90547;256;2;0;0
369;-322500;-91175;318;5;0;0
370;-34800;-91023;14;0;0;0
371;-73200;-90975;98;5;0;0
372;-10750;-90759;6;1;0;0
373;-341450;-91431;310;1;0;0
374;-57250;-91340;40;2;0;0
375;-275750;-91832;400;10;0;0
376;-270500;-92307;271;3;0;0
377;-138850;-92430;158;6;0;0
378;-99150;-92448;87;1;0;0
379;-187150;-92698;189;3;0;0
380;-56300;-92602;23;3;0;0
381;-206350;-92901;223;9;0;0
382;-144100;-93035;114;2;0;0
383;-124300;-93116;123;2;0;0
384;-187300;-93362;157;2;0;0
385;-161600;-93539;168;5;0;0
386;-47150;-93419;31;3;0;0
387;-23400;-93238;31;4;0;0
388;-128050;-93328;132;2;0;0
389;-235900;-93694;215;3;0;0
390;-48050;-93577;38;3;0;0
391;-220500;-93902;215;3;0;0
392;-219100;-94221;213;9;0;0
393;-129050;-94310;143;3;0;0
394;-54000;-94207;31;2;0;0
395;-49400;-94094;51;1;0;0
396;-66850;-94025;65;1;0;0
397;-126400;-94107;108;3;0;0
398;-231600;-94452;246;9;0;0
399;-399300;-95216;400;5;0;0
400;-281700;-95682;255;4;0;0
401;-267350;-96110;313;15;0;0
402;-107300;-96138;104;14;0;0
403;-387800;-96862;400;5;0;0
404;-327700;-97433;400;19;0;0
405;-327900;-98002;400;27;0;0
406;-389250;-98720;400;3;0;0
407;-356300;-99353;400;20;0;0
408;-183600;-99559;159;4;0;0
409;-113500;-99593;107;2;0;0
410;-357900;-100223;400;13;0;0
411;-69350;-100148;5;0;0;0
412;-83600;-100108;25;3;0;0
413;-148350;-100225;166;15;0;0
414;-406450;-100964;400;2;0;0
415;-379400;-101635;400;10;0;0
416;-119000;-101677;80;3;0;0
417;-337400;-102242;361;37;0;0
418;-419050;-103000;400;14;0;0
419;-121100;-103044;105;6;0;0
420;-365600;-103669;400;30;0;0
421;-371000;-104304;400;25;0;0
422;-449050;-105121;400;18;0;0
423;-67150;-105031;8;2;0;0
424;-336050;-105576;311;25;0;0
425;-91850;-105543;53;3;0;0
426;-436700;-106321;400;7;0;0
427;-405600;-107022;400;5;0;0
428;-440150;-107800;400;17;0;0
429;-324950;-108306;271;13;0;0
430;-400650;-108986;400;4;0;0
431;-430500;-109732;400;15;0;0
432;-311050;-110198;243;7;0;0
433;-230800;-110477;194;4;0;0
434;-202100;-110688;149;0;0;0
435;-101850;-110667;56;1;0;0
436;-79850;-110597;18;2;0;0
437;-131150;-110644;121;1;0;0
438;-267300;-111001;224;1;0;0
439;-351350;-111549;309;3;0;0
440;-103900;-111531;59;0;0;0
441;-197100;-111726;163;1;0;0
442;-142800;-111796;74;1;0;0
443;-163700;-111913;116;0;0;0
444;-50500;-111775;43;2;0;0
445;-28700;-111588;5;1;0;0
446;-28450;-111402;5;2;0;0
447;-309850;-111846;228;0;0;0
448;-9400;-111617;5;2;0;0
449;-231200;-111883;196;4;0;0
450;-80300;-111813;69;0;0;0
451;-307050;-112246;265;2;0;0
452;-92900;-112203;67;1;0;0
453;-25750;-112012;6;1;0;0
454;-125450;-112042;56;0;0;0
455;-106500;-112030;40;1;0;0
456;-148350;-112109;116;0;0;0
457;-278250;-112473;199;2;0;0
458;-83200;-112409;37;1;0;0
459;-37950;-112247;13;0;0;0
460;-164300;-112360;154;4;0;0
461;-189850;-112528;124;1;0;0
462;-131100;-112568;63;0;0;0
463;-365650;-113115;326;1;0;0
464;-57350;-112995;49;1;0;0
465;-426300;-113668;400;0;0;0
466;-72400;-113580;47;3;0;0
467;-30000;-113401;7;1;0;0
468;-418600;-114053;400;0;0;0
469;-53300;-113923;28;0;0;0
470;-361100;-114449;274;0;0;0
471;-46200;-114304;42;1;0;0
472;-204600;-114496;130;1;0;0
473;-366700;-115029;330;2;0;0
474;-122650;-115045;55;0;0;0
475;-79450;-114970;17;1;0;0
476;-76900;-114890;35;0;0;0
477;-213350;-115097;152;4;0;0
478;-155100;-115180;85;1;0;0
479;-173150;-115301;104;1;0;0
480;-402150;-115899;400;3;0;0
481;-295200;-116272;231;0;0;0
482;-104850;-116248;184;3;0;0
483;-93200;-116200;27;0;0;0
484;-72200;-116109;26;1;0;0
485;-137750;-116154;72;2;0;0
486;-84400;-116089;19;0;0;0
487;-427200;-116727;342;1;0;0
488;-413550;-117336;324;1;0;0
489;-70750;-117240;8;1;0;0
490;-369950;-117756;310;3;0;0
491;-78200;-117676;50;1;0;0
492;-209950;-117863;151;0;0;0
493;-128350;-117884;61;1;0;0
494;-320150;-118294;238;0;0;0
495;-91000;-118239;25;0;0;0
496;-207050;-118418;149;0;0;0
497;-424200;-119033;400;2;0;0
498;-69550;-118934;24;0;0;0
499;-279700;-119256;210;4;0;0
500;-52150;-119122;11;2;0;0
501;-321050;-119525;258;2;0;0
502;-66700;-119419;81;3;0;0
503;-108600;-119398;41;0;0;0
504;-368100;-119891;311;4;0;0
505;-292600;-120233;210;1;0;0
506;-448000;-120881;360;3;0;0
507;-403850;-121439;400;5;0;0
508;-119750;-121436;118;2;0;0
509;-251450;-121691;400;4;0;0
510;-440000;-122315;391;1;0;0
511;-360450;-122782;400;6;0;0
512;-452350;-123425;361;0;0;0
513;-438600;-124040;400;2;0;0
514;-322450;-124426;395;7;0;0
515;-93550;-124366;27;0;0;0
516;-101700;-124322;54;1;0;0
517;-372150;-124801;400;4;0;0
518;-57400;-124671;103;0;0;0
519;-415650;-125232;400;2;0;0
520;-426100;-125810;400;2;0;0
521;-110900;-125782;44;1;0;0
522;-221950;-125966;190;2;0;0
523;-407250;-126504;400;3;0;0
524;-112900;-126478;65;5;0;0
525;-43300;-126319;14;5;0;0
526;-371200;-126785;400;17;0;0
527;-384250;-127273;314;3;0;0
528;-88600;-127200;27;2;0;0
529;-415550;-127745;400;2;0;0
530;-98200;-127689;35;1;0;0
531;-82350;-127604;38;6;0;0
532;-449900;-128210;396;13;0;0
533;-82800;-128125;21;1;0;0
534;-149550;-128165;86;2;0;0
535;-61300;-128040;18;7;0;0
536;-64600;-127921;11;3;0;0
537;-162750;-127986;106;4;0;0
538;-127400;-127985;59;1;0;0
539;-162150;-128049;95;1;0;0
540;-40100;-127886;24;8;0;0
541;-146300;-127920;82;2;0;0
542;-185650;-128026;117;1;0;0
543;-350000;-128435;400;21;0;0
544;-114800;-128410;103;13;0;0
545;-420300;-128946;384;12;0;0
546;-216850;-129107;184;13;0;0
547;-375850;-129558;400;14;0;0
548;-79550;-129466;16;1;0;0
549;-378650;-129920;400;12;0;0
550;-447000;-130497;387;10;0;0
551;-417050;-131017;400;2;0;0
552;-220350;-131179;225;20;0;0
553;-73300;-131074;22;4;0;0
554;-282300;-131347;195;16;0;0
555;-261250;-131581;154;1;0;0
556;-497150;-132239;398;3;0;0
557;-217550;-132392;208;20;0;0
558;-399600;-132871;400;4;0;0
559;-144350;-132891;98;9;0;0
560;-48400;-132740;5;0;0;0
561;-411100;-133236;400;1;0;0
562;-77050;-133136;12;0;0;0
563;-125750;-133123;68;5;0;0
564;-394500;-133587;400;16;0;0
565;-414150;-134083;356;6;0;0
566;-439350;-134623;400;6;0;0
567;-219400;-134772;228;21;0;0
568;-88350;-134690;97;9;0;0
569;-188500;-134785;141;2;0;0
570;-459050;-135354;400;10;0;0
571;-471450;-135943;400;5;0;0
572;-396700;-136398;400;5;0;0
573;-175150;-136466;121;2;0;0
574;-386150;-136901;400;10;0;0
575;-172450;-136963;102;2;0;0
576;-69350;-136845;5;0;0;0
577;-158650;-136883;94;3;0;0
578;-124200;-136861;60;1;0;0
579;-337100;-137207;300;10;0;0
580;-374150;-137616;311;9;0;0
581;-165900;-137664;97;1;0;0
582;-461900;-138221;368;1;0;0
583;-73850;-138111;29;5;0;0
584;-129850;-138097;84;6;0;0
585;-411900;-138565;400;2;0;0
586;-403800;-139018;400;7;0;0
587;-388500;-139443;311;2;0;0
588;-384400;-139859;400;10;0;0
589;-88050;-139771;47;3;0;0
590;-444250;-140287;357;0;0;0
591;-422850;-140765;400;2;0;0
592;-121200;-140732;54;0;0;0
593;-332050;-141055;295;8;0;0
594;-354250;-141414;400;18;0;0
595;-209850;-141529;138;0;0;0
596;-121800;-141496;233;7;0;0
597;-189450;-141576;148;4;0;0
598;-283100;-141813;225;3;0;0
599;-158600;-141841;133;7;0;0
600;-412450;-142292;400;1;0;0
601;-37300;-142117;17;1;0;0
602;-98450;-142045;33;0;0;0
603;-314650;-142331;400;7;0;0
604;-144450;-142334;89;3;0;0
605;-159150;-142362;162;5;0;0
606;-79000;-142258;15;1;0;0
607;-207800;-142366;400;4;0;0
608;-360600;-142725;400;2;0;0
609;-233350;-142873;400;3;0;0
610;-417100;-143323;400;0;0;0
611;-420100;-143776;400;2;0;0
612;-407850;-144207;400;2;0;0
613;-385250;-144601;297;1;0;0
614;-84450;-144503;35;6;0;0
615;-236400;-144652;175;6;0;0
616;-192150;-144729;119;0;0;0
617;-227350;-144863;151;1;0;0
618;-62950;-144731;19;2;0;0
619;-237750;-144881;180;0;0;0
620;-78100;-144773;33;0;0;0
621;-87350;-144681;22;0;0;0
622;-421850;-145126;400;1;0;0
623;-67450;-145002;5;1;0;0
624;-267900;-145198;195;2;0;0
625;-424950;-145646;337;2;0;0
626;-196400;-145727;123;0;0;0
627;-277750;-145938;199;1;0;0
628;-202050;-146027;150;3;0;0
629;-157350;-146045;85;0;0;0
630;-449800;-146527;385;3;0;0
631;-201800;-146615;128;2;0;0
632;-196000;-146693;122;1;0;0
633;-76300;-146582;48;0;0;0
634;-367650;-146930;301;2;0;0
635;-106850;-146867;77;1;0;0
636;-347900;-147183;292;4;0;0
637;-453000;-147664;365;2;0;0
638;-194150;-147736;120;0;0;0
639;-255450;-147905;178;1;0;0
640;-168350;-147937;98;1;0;0
641;-172150;-147975;101;1;0;0
642;-325850;-148252;262;0;0;0
643;-71350;-148132;25;0;0;0
644;-458300;-148614;363;2;0;0
645;-398700;-149001;400;8;0;0
646;-55100;-148856;32;1;0;0
647;-181800;-148907;113;1;0;0
648;-97400;-148828;42;2;0;0
649;-160400;-148845;89;1;0;0
650;-408600;-149245;338;7;0;0
651;-131750;-149218;104;0;0;0
652;-60500;-149082;40;1;0;0
653;-414550;-149489;400;4;0;0
654;-421000;-149904;400;2;0;0
655;-190200;-149965;144;5;0;0
656;-137550;-149946;67;0;0;0
657;-414950;-150350;400;2;0;0
658;-39900;-150182;17;1;0;0
659;-210350;-150273;182;2;0;0
660;-326650;-150540;240;0;0;0
661;-99000;-150462;86;0;0;0
662;-278150;-150655;254;8;0;0
663;-309350;-150895;272;9;0;0
664;-123450;-150853;97;2;0;0
665;-424250;-151264;400;0;0;0
666;-38250;-151095;32;7;0;0
667;-180600;-151139;188;6;0;0
668;-419600;-151541;400;1;0;0
669;-30400;-151360;19;2;0;0
670;-367550;-151682;400;2;0;0
671;-358650;-151991;400;21;0;0
672;-150150;-151988;400;14;0;0
673;-226600;-152099;400;25;0;0
674;-102350;-152025;400;27;0;0
675;-76800;-151914;107;10;0;0
676;-89900;-151822;51;3;0;0
677;-81150;-151718;400;10;0;0
678;-80450;-151613;400;19;0;0
679;-169500;-151639;368;12;0;0
680;-299950;-151857;400;7;0;0
681;-183400;-151903;400;18;0;0
682;-349950;-152194;400;8;0;0
683;-137100;-152172;400;25;0;0
684;-349550;-152460;400;16;0;0
685;-227100;-152569;400;3;0;0
686;-96300;-152487;400;27;0;0
687;-144500;-152475;400;24;0;0
688;-190400;-152531;400;19;0;0
689;-312800;-152763;400;7;0;0
690;-200550;-152832;400;10;0;0
691;-76450;-152722;400;17;0;0
692;-110250;-152661;400;7;0;0
693;-116950;-152609;400;20;0;0
694;-6700;-152399;400;17;0;0
695;-179250;-152437;400;17;0;0
696;-108950;-152375;400;9;0;0
697;-254200;-152521;400;14;0;0
698;-114850;-152467;47;0;0;0
699;-251700;-152609;179;2;0;0
700;-139150;-152590;70;0;0;0
701;-424400;-152978;400;1;0;0
702;-433050;-153376;345;3;0;0
703;-427650;-153767;400;0;0;0
704;-117750;-153715;49;0;0;0
705;-420800;-154094;400;2;0;0
706;-118750;-154044;53;1;0;0
707;-367150;-154346;277;0;0;0
708;-97950;-154266;31;0;0;0
709;-434150;-154661;339;1;0;0
710;-77050;-154551;12;0;0;0
711;-426450;-154934;400;1;0;0
712;-190750;-154984;116;0;0;0
713;-328700;-155228;247;1;0;0
714;-200200;-155291;126;1;0;0
715;-128050;-155253;59;0;0;0
716;-75150;-155141;12;1;0;0
717;-355850;-155421;290;2;0;0
718;-73800;-155307;10;0;0;0
719;-450800;-155718;356;1;0;0
720;-373500;-156021;287;1;0;0
721;-333400;-156267;279;5;0;0
722;-239050;-156381;177;3;0;0
723;-147000;-156368;128;16;0;0
724;-31550;-156196;33;15;0;0
725;-352600;-156467;400;18;0;0
726;-61150;-156335;54;18;0;0
727;-167050;-156350;158;16;0;0
728;-165200;-156362;94;0;0;0
729;-172000;-156384;169;18;0;0
730;-81050;-156281;22;1;0;0
731;-189750;-156326;128;3;0;0
732;-364050;-156610;400;15;0;0
733;-197050;-156665;138;1;0;0
734;-93050;-156579;78;14;0;0
735;-223050;-156669;155;2;0;0
736;-320400;-156892;239;1;0;0
737;-251300;-157020;200;6;0;0
738;-193450;-157069;132;3;0;0
739;-260700;-157209;259;18;0;0
740;-267700;-157359;244;20;0;0
741;-46300;-157209;45;19;0;0
742;-79300;-157104;35;0;0;0
743;-86550;-157009;90;21;0;0
744;-28150;-156836;39;21;0;0
745;-382450;-157138;400;8;0;0
746;-90050;-157048;31;2;0;0
747;-336950;-157289;400;18;0;0
748;-194400;-157339;194;23;0;0
749;-112850;-157280;102;20;0;0
750;-137150;-157253;80;2;0;0
751;-350550;-157510;400;18;0;0
752;-310250;-157713;257;4;0;0
753;-294500;-157895;215;2;0;0
754;-397500;-158213;400;8;0;0
755;-180450;-158242;113;1;0;0
756;-272500;-158393;226;2;0;0
757;-107150;-158325;81;8;0;0
758;-407500;-158654;400;7;0;0
759;-99150;-158576;60;7;0;0
760;-115950;-158520;48;0;0;0
761;-231400;-158616;156;4;0;0
762;-142800;-158595;95;13;0;0
763;-142250;-158573;123;11;0;0
764;-340250;-158811;300;10;0;0
765;-153000;-158804;95;6;0;0
766;-165000;-158812;107;5;0;0
767;-400350;-159127;400;9;0;0
768;-226850;-159215;158;7;0;0
769;-488350;-159643;395;2;0;0
770;-230100;-159734;160;2;0;0
771;-288450;-159901;233;5;0;0
772;-362400;-160163;308;7;0;0
773;-245100;-160273;201;7;0;0
774;-455900;-160655;383;3;0;0
775;-272300;-160799;232;1;0;0
776;-172250;-160814;141;1;0;0
777;-448250;-161184;400;4;0;0
778;-437350;-161539;400;2;0;0
779;-407200;-161854;400;3;0;0
780;-323650;-162062;293;1;0;0
781;-477350;-162465;400;2;0;0
782;-424550;-162801;400;0;0;0
783;-92250;-162711;44;0;0;0
784;-110900;-162644;44;1;0;0
785;-348850;-162882;261;0;0;0
786;-411800;-163198;357;4;0;0
787;-80350;-163093;15;0;0;0
788;-434650;-163438;400;2;0;0
789;-163350;-163438;129;0;0;0
790;-422100;-163765;400;2;0;0
791;-313500;-163954;257;3;0;0
792;-444000;-164308;400;3;0;0
793;-78650;-164200;110;20;0;0
794;-49050;-164055;8;0;0;0
795;94500;-163730;133;50;0;0
796;85000;-163417;120;50;0;0
797;89750;-163099;120;50;0;0
798;53800;-162828;136;50;0;0
799;52650;-162558;137;50;0;0
800;43650;-162300;125;50;0;0
801;24000;-162068;124;42;0;0
802;52150;-161801;140;50;0;0
803;60950;-161523;158;50;0;0
804;-22350;-161350;45;25;0;0
805;36950;-161104;143;48;0;0
806;96800;-160784;134;50;0;0
807;92050;-160470;121;50;0;0
808;-46300;-160329;10;2;0;0
809;-30000;-160168;36;14;0;0
810;97550;-159850;133;50;0;0
811;-44450;-159708;11;3;0;0
812;99850;-159388;134;50;0;0
813;95600;-159074;132;50;0;0
814;93100;-158764;125;50;0;0
815;93100;-158455;138;50;0;0
816;-28100;-158296;72;29;0;0
817;95550;-157985;137;50;0;0
818;87450;-157685;132;50;0;0
819;90650;-157382;126;50;0;0
820;-40300;-157239;48;23;0;0
821;-30600;-157085;71;22;0;0
822;-78050;-156989;63;22;0;0
823;-37150;-156843;52;20;0;0
824;93900;-156539;132;50;0;0
825;89100;-156241;128;50;0;0
826;25350;-156021;116;48;0;0
827;-63250;-155909;18;5;0;0
828;89100;-155613;124;50;0;0
829;86000;-155322;116;50;0;0
830;92150;-155023;137;50;0;0
831;-55450;-154904;27;12;0;0
832;93350;-154605;139;50;0;0
833;90350;-154311;134;50;0;0
834;97000;-154010;140;50;0;0
835;57750;-153756;119;50;0;0
836;98600;-153454;137;50;0;0
837;90350;-153163;134;50;0;0
838;90400;-152872;129;50;0;0
839;27450;-152657;126;47;0;0
840;-210950;-152727;197;1;0;0
841;-348200;-152959;400;1;0;0
842;-50200;-152837;6;1;0;0
843;-271100;-152978;216;3;0;0
844;-251750;-153095;250;1;0;0
845;-341150;-153317;400;3;0;0
846;-364300;-153566;400;1;0;0
847;-109500;-153514;97;2;0;0
848;-94300;-153445;119;2;0;0
849;-350400;-153677;263;0;0;0
850;-149500;-153672;134;1;0;0
851;-401300;-153963;400;1;0;0
852;-123400;-153927;56;0;0;0
853;-329050;-154132;400;2;0;0
854;-113850;-154085;104;2;0;0
855;-318700;-154277;329;0;0;0
856;-349100;-154505;400;1;0;0
857;-274100;-154645;315;1;0;0
858;-166600;-154659;130;1;0;0
859;-121000;-154619;75;0;0;0
860;-31800;-154477;28;0;0;0
861;-63950;-154371;56;0;0;0
862;-259550;-154493;400;6;0;0
863;-155200;-154494;92;0;0;0
864;-51400;-154375;400;27;0;0
865;-125250;-154341;400;5;0;0
866;-220450;-154418;400;7;0;0
867;-201450;-154472;400;21;0;0
868;-181100;-154503;254;14;0;0
869;-95950;-154435;400;22;0;0
870;-86250;-154357;400;33;0;0
871;-211200;-154422;400;17;0;0
872;-246400;-154528;400;16;0;0
873;-79950;-154442;117;1;0;0
874;-111300;-154393;400;15;0;0
875;-137150;-154373;345;20;0;0
876;-77950;-154286;113;1;0;0
877;-172850;-154307;400;18;0;0
878;-411200;-154600;400;3;0;0
879;-388700;-154866;400;9;0;0
880;-297650;-155028;273;1;0;0
881;-157750;-155031;106;1;0;0
882;-68350;-154933;58;0;0;0
883;-89000;-154858;99;9;0;0
884;-214350;-154926;199;1;0;0
885;-90100;-154852;81;1;0;0
886;-388450;-155116;363;3;0;0
887;-91500;-155044;126;12;0;0
888;-77250;-154957;33;2;0;0
889;-129200;-154928;152;13;0;0
890;-7200;-154762;13;3;0;0
891;-396850;-155033;400;2;0;0
892;-147750;-155025;133;1;0;0
893;-155900;-155026;166;10;0;0
894;-180900;-155055;200;11;0;0
895;-47000;-154934;42;1;0;0
896;-315250;-155113;296;2;0;0
897;-274750;-155247;291;12;0;0
898;-418600;-155540;400;5;0;0
899;-284250;-155683;288;11;0;0
900;-75700;-155594;12;1;0;0
901;-306650;-155762;400;26;0;0
902;-67100;-155664;400;21;0;0
903;-198950;-155712;400;6;0;0
904;-81750;-155630;283;19;0;0
905;-39800;-155502;400;9;0;0
906;-52250;-155388;69;1;0;0
907;-343850;-155596;400;11;0;0
908;-1050;-155425;400;27;0;0
909;-25200;-155282;400;12;0;0
910;-97850;-155219;400;28;0;0
911;-80650;-155137;400;19;0;0
912;-160850;-155143;400;11;0;0
913;-118600;-155103;400;24;0;0
914;-159350;-155108;400;20;0;0
915;-37100;-154979;244;38;0;0
916;-110850;-154931;46;1;0;0
917;550;-154761;77;23;0;0
918;-4950;-154598;39;11;0;0
919;-253950;-154706;286;15;0;0
920;-262700;-154824;241;8;0;0
921;-312550;-154995;241;0;0;0
922;-93900;-154929;53;5;0;0
923;-427800;-155224;360;7;0;0
924;-225100;-155300;221;3;0;0
925;-245750;-155398;284;18;0;0
926;-186950;-155432;232;16;0;0
927;-168000;-155445;224;21;0;0
928;2650;-155275;43;13;0;0
929;-6850;-155115;18;5;0;0
930;-205050;-155169;191;3;0;0
931;-92300;-155101;137;18;0;0
932;-408400;-155373;400;1;0;0
933;-391600;-155626;400;3;0;0
934;-162550;-155634;132;11;0;0
935;-84050;-155557;81;3;0;0
936;-118200;-155517;110;2;0;0
937;-32100;-155386;45;16;0;0
938;6700;-155213;35;13;0;0
939;-365600;-155437;339;5;0;0
940;-12550;-155285;59;15;0;0
941;-256500;-155392;257;3;0;0
942;-351100;-155600;327;3;0;0
943;-82650;-155523;64;13;0;0
944;-137200;-155503;56;0;0;0
945;-312750;-155670;251;2;0;0
946;-195000;-155711;163;1;0;0
947;-373350;-155941;367;7;0;0
948;-220450;-156009;187;1;0;0
949;-118450;-155970;75;3;0;0
950;-154050;-155968;101;0;0;0
951;-377150;-156200;366;6;0;0
952;-416050;-156473;400;4;0;0
953;-143250;-156459;94;2;0;0
954;-220350;-156526;184;2;0;0
955;-399900;-156781;400;6;0;0
956;-221750;-156849;182;1;0;0
957;-409350;-157113;400;5;0;0
958;-414600;-157382;400;4;0;0
959;-399650;-157634;400;8;0;0
960;-421650;-157909;400;7;0;0
961;-421300;-158183;388;8;0;0
962;-222300;-158250;155;2;0;0
963;-193050;-158286;142;1;0;0
964;-152700;-158280;82;1;0;0
965;-150000;-158272;101;2;0;0
966;-421500;-158544;400;5;0;0
967;-169550;-158556;112;5;0;0
968;-276000;-158677;198;1;0;0
969;-119650;-158637;52;0;0;0
970;-231850;-158712;156;1;0;0
971;-134250;-158687;64;0;0;0
972;-474250;-159012;391;3;0;0
973;-111100;-158962;63;0;0;0
974;-170000;-158974;118;1;0;0
975;-48350;-158860;26;0;0;0
976;-237850;-158941;192;9;0;0
977;-407200;-159195;339;8;0;0
978;-375550;-159417;307;5;0;0
979;-411000;-159673;326;4;0;0
980;-427650;-159947;400;4;0;0
981;-142300;-159929;94;2;0;0
982;-167850;-159937;116;1;0;0
983;-400900;-160182;400;6;0;0
984;-147450;-160169;83;3;0;0
985;-79250;-160087;14;0;0;0
986;-210750;-160138;173;0;0;0
987;-123000;-160101;100;8;0;0
988;-298300;-160241;215;1;0;0
989;-294950;-160377;214;1;0;0
990;-206700;-160424;191;6;0;0
991;-70600;-160333;27;1;0;0
992;-310850;-160485;230;1;0;0
993;-96850;-160421;30;0;0;0
994;-235100;-160496;173;3;0;0
995;-124550;-160460;400;4;0;0
996;-426450;-160727;400;1;0;0
997;-147000;-160713;79;0;0;0
998;-289650;-160842;264;2;0;0
999;-117550;-160799;143;1;0;0
1000;-261300;-160899;339;4;0;0
1001;-46700;-160785;10;1;0;0
1002;-251450;-160876;397;2;0;0
1003;-73850;-160789;50;0;0;0
1004;-239500;-160867;201;8;0;0
1005;-87850;-160795;40;0;0;0
1006;-139150;-160773;70;0;0;0
1007;-225750;-160838;157;3;0;0
1008;-393550;-161069;345;1;0;0
1009;-410150;-161315;400;4;0;0
1010;-139700;-161294;89;0;0;0
1011;-139200;-161272;342;4;0;0
1012;-402450;-161511;400;5;0;0
1013;-320050;-161667;400;12;0;0
1014;-61750;-161568;24;8;0;0
1015;-217750;-161624;168;3;0;0
1016;-79150;-161543;17;0;0;0
1017;-78150;-161461;13;0;0;0
1018;-309900;-161606;290;21;0;0
1019;-294150;-161737;245;6;0;0
1020;-253300;-161826;202;2;0;0
1021;-127650;-161793;58;0;0;0
1022;-82950;-161716;77;15;0;0
1023;-415200;-161963;400;1;0;0
1024;-84850;-161888;39;4;0;0
1025;-252750;-161977;200;19;0;0
1026;-376800;-162186;400;9;0;0
1027;-417050;-162434;360;6;0;0
1028;-213700;-162484;149;2;0;0
1029;-51650;-162377;71;23;0;0
1030;-69400;-162286;73;20;0;0
1031;-72850;-162200;25;4;0;0
1032;-310600;-162343;265;16;0;0
1033;-349700;-162525;400;19;0;0
1034;-29000;-162396;60;23;0;0
1035;-347750;-162575;400;20;0;0
1036;-60650;-162476;34;1;0;0
1037;-115150;-162431;89;23;0;0
1038;-396550;-162656;400;2;0;0
1039;-162750;-162656;139;15;0;0
1040;-311650;-162800;400;31;0;0
1041;85200;-162561;126;50;0;0
1042;86550;-162322;137;50;0;0
1043;89300;-162081;142;50;0;0
1044;95700;-161834;135;50;0;0
1045;78150;-161604;133;50;0;0
1046;94300;-161360;152;50;0;0
1047;91750;-161118;125;50;0;0
1048;86850;-160881;139;50;0;0
1049;86600;-160645;137;50;0;0
1050;92050;-160405;121;50;0;0
1051;92050;-160165;134;50;0;0
1052;88750;-159928;124;50;0;0
1053;66000;-159713;143;49;0;0
1054;90300;-159476;126;50;0;0
1055;84800;-159245;144;50;0;0
1056;91100;-159008;142;50;0;0
1057;-7250;-158864;100;40;0;0
1058;-35050;-158747;53;25;0;0
1059;86150;-158516;129;50;0;0
1060;94000;-158278;135;50;0;0
1061;88150;-158045;136;50;0;0
1062;89600;-157812;126;50;0;0
1063;87300;-157582;121;50;0;0
1064;89550;-157349;146;50;0;0
1065;88200;-157119;127;50;0;0
1066;91900;-156885;151;50;0;0
1067;95450;-156649;134;50;0;0
1068;85750;-156422;119;50;0;0
1069;101000;-156181;141;50;0;0
1070;104000;-155938;146;50;0;0
1071;28500;-155765;124;50;0;0
1072;89750;-155536;120;50;0;0
1073;87450;-155310;132;50;0;0
1074;90750;-155081;129;50;0;0
1075;89550;-154853;139;50;0;0
1076;92500;-154623;124;50;0;0
1077;94650;-154392;131;50;0;0
1078;-264500;-154494;400;41;0;0
1079;-224750;-154559;169;1;0;0
1080;-138550;-154544;71;1;0;0
1081;-157400;-154547;122;1;0;0
1082;-428850;-154801;400;1;0;0
1083;-277900;-154914;195;1;0;0
1084;-428700;-155167;400;0;0;0
1085;-74850;-155093;10;0;0;0
1086;-195650;-155130;156;0;0;0
1087;-251000;-155218;211;1;0;0
1088;-432200;-155473;400;3;0;0
1089;-181500;-155497;109;1;0;0
1090;-224450;-155560;164;2;0;0
1091;-256150;-155652;193;0;0;0
1092;-418750;-155893;400;3;0;0
1093;-418050;-156133;400;3;0;0
1094;-120150;-156100;89;1;0;0
1095;-250150;-156186;209;1;0;0
1096;-431000;-156437;400;1;0;0
1097;-139750;-156422;69;0;0;0
1098;-415950;-156658;400;5;0;0
1099;-420300;-156898;400;5;0;0
1100;-50450;-156801;25;2;0;0
1101;-468650;-157084;400;4;0;0
1102;-244850;-157164;170;1;0;0
1103;-121700;-157132;56;0;0;0
1104;-436100;-157384;400;1;0;0
1105;-108900;-157341;82;2;0;0
1106;-434150;-157591;400;1;0;0
1107;-322900;-157740;257;4;0;0
1108;-432100;-157988;400;2;0;0
1109;-76250;-157914;36;2;0;0
1110;-416000;-158147;400;3;0;0
1111;-93750;-158089;32;1;0;0
1112;-90450;-158028;44;2;0;0
1113;-415700;-158259;400;0;0;0
1114;-364450;-158444;280;3;0;0
1115;-441300;-158698;400;1;0;0
1116;-433700;-158945;400;7;0;0
1117;-50750;-158848;13;3;0;0
1118;-426050;-159087;400;3;0;0
1119;-151650;-159080;139;1;0;0
1120;-384000;-159281;400;9;0;0
1121;-2350;-159141;20;8;0;0
1122;-377350;-159335;400;10;0;0
1123;-421150;-159568;400;2;0;0
1124;-388700;-159772;400;9;0;0
1125;-378300;-159967;400;9;0;0
1126;-388550;-160170;400;6;0;0
1127;-357450;-160345;400;16;0;0
1128;-83450;-160276;114;14;0;0
1129;-365950;-160459;400;13;0;0
1130;-366500;-160641;348;1;0;0
1131;-213100;-160687;189;3;0;0
1132;-386650;-160887;400;13;0;0
1133;-60550;-160798;66;4;0;0
1134;-402250;-161011;400;5;0;0
1135;-181650;-161030;324;42;0;0
1136;35200;-160857;145;50;0;0
1137;73850;-160650;132;50;0;0
1138;85800;-160434;142;50;0;0
1139;92000;-160212;126;50;0;0
1140;88850;-159994;123;50;0;0
1141;93300;-159772;131;50;0;0
1142;95200;-159548;152;50;0;0
1143;83650;-159336;132;50;0;0
1144;81150;-159125;125;50;0;0
1145;96250;-158902;148;50;0;0
1146;82000;-158692;130;50;0;0
1147;2400;-158552;130;44;0;0
1148;86650;-158338;132;50;0;0
1149;90050;-158122;125;50;0;0
1150;87800;-157908;134;50;0;0
1151;96600;-157687;141;50;0;0
1152;86950;-157475;121;50;0;0
1153;-69350;-157398;5;0;0;0
1154;94650;-157180;131;50;0;0
1155;-39050;-157078;50;25;0;0
1156;56150;-156893;146;50;0;0
1157;81300;-156687;111;50;0;0
1158;99450;-156466;139;50;0;0
1159;-26450;-156354;50;22;0;0
1160;99250;-156133;133;50;0;0
1161;94300;-155918;140;50;0;0
1162;93550;-155703;132;50;0;0
1163;82450;-155498;122;50;0;0
1164;94350;-155284;135;50;0;0
1165;96700;-155067;131;50;0;0
1166;87200;-154860;118;50;0;0
1167;90800;-154649;124;50;0;0
1168;86350;-154443;116;50;0;0
1169;90350;-154233;137;50;0;0
1170;92200;-154023;128;50;0;0
1171;95450;-153810;138;50;0;0
1172;99250;-153594;133;50;0;0
1173;85200;-153390;126;50;0;0
1174;83550;-153188;142;50;0;0
1175;-407050;-153404;400;8;0;0
1176;-452600;-153659;381;4;0;0
1177;-262050;-153751;185;2;0;0
1178;-431250;-153987;400;1;0;0
1179;-424600;-154216;400;1;0;0
1180;-141050;-154205;62;4;0;0
1181;-278550;-154310;200;1;0;0
1182;-438100;-154550;400;3;0;0
1183;-84400;-154491;60;5;0;0
1184;-162500;-154498;90;0;0;0
1185;-424050;-154725;400;3;0;0
1186;-75950;-154659;11;0;0;0
1187;-436450;-154896;400;2;0;0
1188;-423900;-155123;400;0;0;0
1189;-168750;-155134;135;1;0;0
1190;-318800;-155272;207;1;0;0
1191;-414250;-155489;400;5;0;0
1192;-423700;-155714;400;1;0;0
1193;-120750;-155685;116;12;0;0
1194;-265500;-155777;400;29;0;0
1195;-82550;-155715;17;0;0;0
1196;-45550;-155623;69;5;0;0
1197;-44550;-155531;112;21;0;0
1198;-48350;-155441;101;22;0;0
1199;-31250;-155337;28;1;0;0
1200;-49650;-155249;34;1;0;0
1201;-50700;-155162;207;12;0;0
1202;-119500;-155133;146;4;0;0
1203;-68750;-155061;400;14;0;0
1204;-61550;-154983;26;10;0;0
1205;-36600;-154885;90;1;0;0
1206;-313550;-155017;359;10;0;0
1207;-99000;-154970;197;8;0;0
1208;-45450;-154879;29;5;0;0
1209;-46400;-154790;20;5;0;0
1210;-47050;-154701;8;4;0;0
1211;-126700;-154678;74;6;0;0
1212;-164450;-154686;165;5;0;0
1213;-49450;-154599;168;12;0;0
1214;-207100;-154642;172;12;0;0
1215;-327250;-154784;400;9;0;0
1216;-93600;-154734;58;3;0;0
1217;-118800;-154704;69;6;0;0
1218;-36050;-154607;135;2;0;0
1219;-47650;-154519;10;2;0;0
1220;-239350;-154589;400;6;0;0
1221;-182750;-154612;234;9;0;0
1222;-53800;-154529;400;21;0;0
1223;-67950;-154459;7;1;0;0
1224;-84750;-154402;19;0;0;0
1225;-52500;-154318;155;7;0;0
1226;-381300;-154504;329;4;0;0
1227;-91400;-154452;61;1;0;0
1228;-419600;-154668;400;1;0;0
1229;-400950;-154868;400;4;0;0
1230;-414650;-155080;400;2;0;0
1231;-69300;-155010;7;1;0;0
1232;-152700;-155008;82;1;0;0
1233;-420100;-155223;400;0;0;0
1234;-410650;-155430;400;5;0;0
1235;-103300;-155388;41;1;0;0
1236;-386850;-155575;335;0;0;0
1237;-158500;-155577;115;1;0;0
1238;-87300;-155522;43;7;0;0
1239;-129300;-155501;118;6;0;0
1240;-318850;-155633;293;7;0;0
1241;-239700;-155701;210;4;0;0
1242;-130700;-155680;62;1;0;0
1243;-112100;-155645;64;5;0;0
1244;-109400;-155608;79;0;0;0
1245;-51550;-155525;25;2;0;0
1246;-182300;-155546;150;2;0;0
1247;-397500;-155740;400;6;0;0
1248;-146550;-155733;114;8;0;0
1249;-157900;-155735;88;0;0;0
1250;-209500;-155778;193;7;0;0
1251;-195900;-155810;160;4;0;0
1252;-170100;-155821;149;3;0;0
1253;-74200;-155756;44;5;0;0
1254;-117750;-155726;82;3;0;0
1255;-365100;-155892;316;11;0;0
1256;-148800;-155887;108;9;0;0
1257;-426250;-156102;400;3;0;0
1258;-401800;-156297;400;3;0;0
1259;-97600;-156251;89;5;0;0
1260;-409450;-156452;400;2;0;0
1261;-415500;-156657;400;6;0;0
1262;-242800;-156725;187;14;0;0
1263;-196950;-156757;171;1;0;0
1264;-279850;-156854;236;10;0;0
1265;-386450;-157036;400;5;0;0
1266;-310300;-157157;229;1;0;0
1267;-430950;-157373;400;0;0;0
1268;-200150;-157407;137;5;0;0
1269;-192300;-157434;118;1;0;0
1270;-448400;-157663;370;4;0;0
1271;-277200;-157757;206;1;0;0
1272;-177350;-157773;146;14;0;0
1273;-213800;-157817;139;1;0;0
1274;-107900;-157778;90;16;0;0
1275;-149200;-157771;310;4;0;0
1276;-89600;-157718;182;1;0;0
1277;-83400;-157659;259;4;0;0
1278;-77100;-157596;400;2;0;0
1279;-99600;-157551;33;0;0;0
1280;-73400;-157485;48;1;0;0
1281;-144300;-157475;400;8;0;0
1282;-96800;-157428;400;6;0;0
1283;-142050;-157416;400;7;0;0
1284;-294550;-157522;400;7;0;0
1285;-320150;-157649;400;6;0;0
1286;-243500;-157716;400;9;0;0
1287;-56200;-157637;24;2;0;0
1288;-127450;-157613;130;3;0;0
1289;-77100;-157551;94;2;0;0
1290;-216950;-157597;178;1;0;0
1291;-244850;-157665;400;8;0;0
1292;-346550;-157811;400;10;0;0
1293;-186650;-157833;252;10;0;0
1294;-159500;-157834;114;1;0;0
1295;-221250;-157883;145;1;0;0
1296;-437050;-158099;399;5;0;0
1297;-422500;-158303;400;5;0;0
1298;-105550;-158262;41;0;0;0
1299;-403200;-158451;400;3;0;0
1300;-134250;-158432;64;0;0;0
1301;-305400;-158545;256;3;0;0
1302;-133150;-158525;63;0;0;0
1303;-409450;-158718;400;7;0;0
1304;-421500;-158919;400;0;0;0
1305;-74450;-158855;31;2;0;0
1306;-415350;-159051;400;10;0;0
1307;-487800;-159303;400;5;0;0
1308;-433700;-159512;400;2;0;0
1309;-409550;-159703;400;8;0;0
1310;-419250;-159902;400;5;0;0
1311;-288700;-160000;225;4;0;0
1312;-195550;-160027;179;6;0;0
1313;-119950;-159996;113;13;0;0
1314;-178000;-160010;112;2;0;0
1315;-192800;-160035;141;0;0;0
1316;-198600;-160064;164;1;0;0
1317;-377600;-160230;400;12;0;0
1318;-113350;-160194;98;11;0;0
1319;-396200;-160373;323;4;0;0
1320;-117000;-160340;74;5;0;0
1321;-376050;-160503;400;13;0;0
1322;-159500;-160503;89;1;0;0
1323;-408300;-160690;400;3;0;0
1324;-393700;-160866;400;10;0;0
1325;-216050;-160908;160;3;0;0
1326;-118050;-160875;70;5;0;0
1327;-383450;-161043;400;10;0;0
1328;-386150;-161212;332;12;0;0
1329;-106750;-161171;39;0;0;0
1330;-264750;-161249;208;5;0;0
1331;-194950;-161275;148;5;0;0
1332;-194500;-161300;130;2;0;0
1333;-104700;-161257;39;0;0;0
1334;-348400;-161397;306;3;0;0
1335;-283150;-161489;241;11;0;0
1336;-90250;-161435;24;0;0;0
1337;-328300;-161560;244;2;0;0
1338;-352950;-161703;229;1;0;0
1339;-413150;-161891;400;1;0;0
1340;-101250;-161846;34;0;0;0
1341;-382350;-162010;334;7;0;0
1342;-441300;-162218;400;5;0;0
1343;-322700;-162338;267;3;0;0
1344;-90600;-162284;27;1;0;0
1345;-361650;-162433;281;3;0;0
1346;-452250;-162648;376;5;0;0
1347;-220450;-162691;147;1;0;0
1348;-263550;-162766;185;2;0;0
1349;-284100;-162856;203;1;0;0
1350;-403800;-163034;400;7;0;0
1351;-113650;-162997;47;1;0;0
1352;-124300;-162969;57;1;0;0
1353;-448400;-163180;400;5;0;0
1354;-387950;-163346;400;6;0;0
1355;-381350;-163507;305;3;0;0
1356;-271150;-163586;400;5;0;0
1357;-131700;-163563;400;3;0;0
1358;-214900;-163600;400;23;0;0
1359;-118050;-163567;400;7;0;0
1360;-175750;-163576;400;19;0;0
1361;-154700;-163569;400;15;0;0
1362;-135600;-163549;400;20;0;0
1363;-201900;-163577;400;12;0;0
1364;-64450;-163504;400;9;0;0
1365;-305500;-163608;400;11;0;0
1366;-201300;-163636;400;12;0;0
1367;-157450;-163631;400;11;0;0
1368;-239700;-163687;400;18;0;0
1369;-355650;-163827;400;9;0;0
1370;-409350;-164006;400;5;0;0
1371;-217950;-164046;183;2;0;0
1372;-370400;-164196;400;14;0;0
1373;-419700;-164382;371;8;0;0
1374;-439900;-164583;368;1;0;0
1375;-419950;-164768;400;1;0;0
1376;-209900;-164801;170;6;0;0
1377;-362950;-164945;293;1;0;0
1378;-416900;-165128;400;2;0;0
1379;-104850;-165084;100;9;0;0
1380;-399750;-165254;400;14;0;0
1381;-377100;-165408;400;13;0;0
1382;-401600;-165579;400;8;0;0
1383;-94700;-165527;64;1;0;0
1384;-243400;-165584;215;3;0;0
1385;-180450;-165594;137;7;0;0
1386;-358800;-165734;400;14;0;0
1387;-402400;-165904;400;0;0;0
1388;-142250;-165887;84;3;0;0
1389;-36450;-165794;27;2;0;0
1390;-8200;-165681;9;3;0;0
1391;1050;-165561;53;19;0;0
1392;-2150;-165444;44;15;0;0
1393;2900;-165323;54;17;0;0
1394;-329900;-165441;400;19;0;0
1395;-122050;-165410;186;23;0;0
1396;-261450;-165478;329;24;0;0
1397;-25000;-165378;22;1;0;0
1398;-116800;-165343;174;17;0;0
1399;-133850;-165321;133;6;0;0
1400;-169500;-165324;101;1;0;0
1401;-305750;-165424;400;24;0;0
1402;-40550;-165335;98;18;0;0
1403;-212200;-165368;206;2;0;0
1404;-35300;-165276;82;14;0;0
1405;-81250;-165216;75;2;0;0
1406;-338450;-165339;400;17;0;0
1407;-122100;-165308;128;3;0;0
1408;-111300;-165270;98;13;0;0
1409;-384450;-165425;400;8;0;0
1410;-271300;-165501;338;24;0;0
1411;-422150;-165682;400;2;0;0
1412;-520800;-165934;380;2;0;0
1413;-460750;-166143;400;2;0;0
1414;-224800;-166184;169;1;0;0
1415;-440600;-166378;342;2;0;0
1416;-78200;-166316;49;1;0;0
1417;-112250;-166278;44;0;0;0
1418;-419050;-166456;400;7;0;0
1419;-425600;-166638;400;0;0;0
1420;-91350;-166585;25;0;0;0
1421;-443900;-166781;400;4;0;0
1422;-260900;-166847;200;1;0;0
1423;-167400;-166847;113;2;0;0
1424;-95100;-166797;48;1;0;0
1425;-420000;-166974;400;2;0;0
1426;-428550;-167158;400;2;0;0
1427;-145050;-167142;99;1;0;0
1428;-463800;-167350;400;7;0;0
1429;-497050;-167581;400;2;0;0
1430;-118850;-167547;50;0;0;0
1431;-391300;-167703;319;14;0;0
1432;-382550;-167853;335;1;0;0
1433;-377950;-168000;400;12;0;0
1434;-330700;-168113;249;0;0;0
1435;-371400;-168255;307;5;0;0
1436;-193850;-168273;146;2;0;0
1437;-403700;-168437;400;4;0;0
1438;-353700;-168565;284;1;0;0
1439;-112100;-168526;61;3;0;0
1440;-300800;-168618;250;7;0;0

Raw Arrays
Reward History;-78750.0;-68300;-50200;-81750;-70300;-74550;-61150;-37750;-75550;-95050;-69650;-84100;-66700;-51000;-70150;-37750;-47550;-108400;-89250;-54300;-51850;-107100;-134650;-76400;-51300;-68800;-49600;-72600;-45500;-72200;-90200;-73900;-116950;-70350;-28450;-58400;-54100;-71450;-169400;-61250;-53850;-76100;-30650;-77050;-68000;-76600;-118350;-70100;-45450;-51450;-54850;-68800;-68550;-70950;-69650;-77450;-98350;-57050;-67200;-46650;-68200;-74850;-30600;-84800;-55950;-79250;-82950;-93950;-48050;-19450;-49750;-70750;-139900;-55200;-93050;-57900;-84700;-57200;-63750;-68200;-42600;-35250;-76000;-29850;-29050;-49450;-48400;-67700;-58000;-35050;-28150;-66700;-75900;-86600;-83800;-48250;-56950;-72050;-116000;-94450;-49700;-63700;-75250;-49950;-76100;-53000;-88850;-69850;-79800;-48100;-43750;-31050;-53500;-69300;-72500;-25750;-65550;-68300;-75600;-50250;-126900;-92000;-136150;-39250;-74850;-49200;-36900;-56650;-26350;-96550;-40500;-73150;-130200;-63150;-50050;-75600;-99600;-30900;-27000;-17500;-59800;-52750;-51300;-112950;-98100;-51150;-49700;-31150;-46450;-50450;-50250;-100450;-160150;-106600;-50350;-48350;-70850;-93650;-15200;-72650;-53050;-85550;-110800;-65100;-57000;-48900;-123650;-68550;-54950;-51200;-84650;-19850;-50400;-48100;-56250;-30050;-44550;-49750;-84400;-73600;-37200;-86800;-54250;-92300;-14250;-50350;-10150;-48350;-45000;-84000;-38550;-68400;-51350;-52150;-50100;-11550;-14650;-70300;-68950;-27150;-59650;-43000;-83700;-56400;-55450;-63750;-31800;-62150;-77350;-43050;-49400;-69400;-36600;-119250;-57050;-59000;-65650;-110500;-20500;-60150;-43350;-69550;-76800;-49700;-49050;-77150;-44600;-83300;-41050;-97850;-33950;-61100;-144300;-31250;-72000;-96600;-9850;-134100;-66150;-50000;-81200;-72100;-20000;-103500;-30000;-30650;-35200;-34450;-10900;-21800;-66000;-25750;-41250;-14500;-51750;-15100;-46750;-54950;-150500;-74250;-28100;-35150;-209950;-256900;-59300;-53500;-195350;-139650;-45700;-65450;-146700;-61650;-136500;-59950;-37100;-78850;-20800;-53750;-48000;-22600;-48250;-250600;-62000;-58500;-51550;-157200;-98600;-128500;-207450;-224850;-91950;-42500;-170400;-294500;-32750;-59700;-147300;-28200;-84500;-30400;-67400;-73750;-23850;-34400;-47250;-247550;-200150;-28400;-90750;-58500;-179450;-144500;-146900;-5400;-96200;-262700;-11750;-366000;-29250;-91450;-288350;-29850;-156050;-5600;-188750;-75250;-319250;-354750;-71050;-222300;-313750;-14050;-176150;-40850;-167500;-330800;-343650;-293300;-274150;-409850;-250500;-167300;-115100;-215550;-70150;-226700;-461100;-314250;-418300;-40050;-503900;-77050;-62900;-179750;-414150;-247700;-110700;-411400;-430950;-222500;-225100;-294350;-59900;-113600;-191100;-87050;-296350;-289000;-322500;-34800;-73200;-10750;-341450;-57250;-275750;-270500;-138850;-99150;-187150;-56300;-206350;-144100;-124300;-187300;-161600;-47150;-23400;-128050;-235900;-48050;-220500;-219100;-129050;-54000;-49400;-66850;-126400;-231600;-399300;-281700;-267350;-107300;-387800;-327700;-327900;-389250;-356300;-183600;-113500;-357900;-69350;-83600;-148350;-406450;-379400;-119000;-337400;-419050;-121100;-365600;-371000;-449050;-67150;-336050;-91850;-436700;-405600;-440150;-324950;-400650;-430500;-311050;-230800;-202100;-101850;-79850;-131150;-267300;-351350;-103900;-197100;-142800;-163700;-50500;-28700;-28450;-309850;-9400;-231200;-80300;-307050;-92900;-25750;-125450;-106500;-148350;-278250;-83200;-37950;-164300;-189850;-131100;-365650;-57350;-426300;-72400;-30000;-418600;-53300;-361100;-46200;-204600;-366700;-122650;-79450;-76900;-213350;-155100;-173150;-402150;-295200;-104850;-93200;-72200;-137750;-84400;-427200;-413550;-70750;-369950;-78200;-209950;-128350;-320150;-91000;-207050;-424200;-69550;-279700;-52150;-321050;-66700;-108600;-368100;-292600;-448000;-403850;-119750;-251450;-440000;-360450;-452350;-438600;-322450;-93550;-101700;-372150;-57400;-415650;-426100;-110900;-221950;-407250;-112900;-43300;-371200;-384250;-88600;-415550;-98200;-82350;-449900;-82800;-149550;-61300;-64600;-162750;-127400;-162150;-40100;-146300;-185650;-350000;-114800;-420300;-216850;-375850;-79550;-378650;-447000;-417050;-220350;-73300;-282300;-261250;-497150;-217550;-399600;-144350;-48400;-411100;-77050;-125750;-394500;-414150;-439350;-219400;-88350;-188500;-459050;-471450;-396700;-175150;-386150;-172450;-69350;-158650;-124200;-337100;-374150;-165900;-461900;-73850;-129850;-411900;-403800;-388500;-384400;-88050;-444250;-422850;-121200;-332050;-354250;-209850;-121800;-189450;-283100;-158600;-412450;-37300;-98450;-314650;-144450;-159150;-79000;-207800;-360600;-233350;-417100;-420100;-407850;-385250;-84450;-236400;-192150;-227350;-62950;-237750;-78100;-87350;-421850;-67450;-267900;-424950;-196400;-277750;-202050;-157350;-449800;-201800;-196000;-76300;-367650;-106850;-347900;-453000;-194150;-255450;-168350;-172150;-325850;-71350;-458300;-398700;-55100;-181800;-97400;-160400;-408600;-131750;-60500;-414550;-421000;-190200;-137550;-414950;-39900;-210350;-326650;-99000;-278150;-309350;-123450;-424250;-38250;-180600;-419600;-30400;-367550;-358650;-150150;-226600;-102350;-76800;-89900;-81150;-80450;-169500;-299950;-183400;-349950;-137100;-349550;-227100;-96300;-144500;-190400;-312800;-200550;-76450;-110250;-116950;-6700;-179250;-108950;-254200;-114850;-251700;-139150;-424400;-433050;-427650;-117750;-420800;-118750;-367150;-97950;-434150;-77050;-426450;-190750;-328700;-200200;-128050;-75150;-355850;-73800;-450800;-373500;-333400;-239050;-147000;-31550;-352600;-61150;-167050;-165200;-172000;-81050;-189750;-364050;-197050;-93050;-223050;-320400;-251300;-193450;-260700;-267700;-46300;-79300;-86550;-28150;-382450;-90050;-336950;-194400;-112850;-137150;-350550;-310250;-294500;-397500;-180450;-272500;-107150;-407500;-99150;-115950;-231400;-142800;-142250;-340250;-153000;-165000;-400350;-226850;-488350;-230100;-288450;-362400;-245100;-455900;-272300;-172250;-448250;-437350;-407200;-323650;-477350;-424550;-92250;-110900;-348850;-411800;-80350;-434650;-163350;-422100;-313500;-444000;-78650;-49050;94500;85000;89750;53800;52650;43650;24000;52150;60950;-22350;36950;96800;92050;-46300;-30000;97550;-44450;99850;95600;93100;93100;-28100;95550;87450;90650;-40300;-30600;-78050;-37150;93900;89100;25350;-63250;89100;86000;92150;-55450;93350;90350;97000;57750;98600;90350;90400;27450;-210950;-348200;-50200;-271100;-251750;-341150;-364300;-109500;-94300;-350400;-149500;-401300;-123400;-329050;-113850;-318700;-349100;-274100;-166600;-121000;-31800;-63950;-259550;-155200;-51400;-125250;-220450;-201450;-181100;-95950;-86250;-211200;-246400;-79950;-111300;-137150;-77950;-172850;-411200;-388700;-297650;-157750;-68350;-89000;-214350;-90100;-388450;-91500;-77250;-129200;-7200;-396850;-147750;-155900;-180900;-47000;-315250;-274750;-418600;-284250;-75700;-306650;-67100;-198950;-81750;-39800;-52250;-343850;-1050;-25200;-97850;-80650;-160850;-118600;-159350;-37100;-110850;550;-4950;-253950;-262700;-312550;-93900;-427800;-225100;-245750;-186950;-168000;2650;-6850;-205050;-92300;-408400;-391600;-162550;-84050;-118200;-32100;6700;-365600;-12550;-256500;-351100;-82650;-137200;-312750;-195000;-373350;-220450;-118450;-154050;-377150;-416050;-143250;-220350;-399900;-221750;-409350;-414600;-399650;-421650;-421300;-222300;-193050;-152700;-150000;-421500;-169550;-276000;-119650;-231850;-134250;-474250;-111100;-170000;-48350;-237850;-407200;-375550;-411000;-427650;-142300;-167850;-400900;-147450;-79250;-210750;-123000;-298300;-294950;-206700;-70600;-310850;-96850;-235100;-124550;-426450;-147000;-289650;-117550;-261300;-46700;-251450;-73850;-239500;-87850;-139150;-225750;-393550;-410150;-139700;-139200;-402450;-320050;-61750;-217750;-79150;-78150;-309900;-294150;-253300;-127650;-82950;-415200;-84850;-252750;-376800;-417050;-213700;-51650;-69400;-72850;-310600;-349700;-29000;-347750;-60650;-115150;-396550;-162750;-311650;85200;86550;89300;95700;78150;94300;91750;86850;86600;92050;92050;88750;66000;90300;84800;91100;-7250;-35050;86150;94000;88150;89600;87300;89550;88200;91900;95450;85750;101000;104000;28500;89750;87450;90750;89550;92500;94650;-264500;-224750;-138550;-157400;-428850;-277900;-428700;-74850;-195650;-251000;-432200;-181500;-224450;-256150;-418750;-418050;-120150;-250150;-431000;-139750;-415950;-420300;-50450;-468650;-244850;-121700;-436100;-108900;-434150;-322900;-432100;-76250;-416000;-93750;-90450;-415700;-364450;-441300;-433700;-50750;-426050;-151650;-384000;-2350;-377350;-421150;-388700;-378300;-388550;-357450;-83450;-365950;-366500;-213100;-386650;-60550;-402250;-181650;35200;73850;85800;92000;88850;93300;95200;83650;81150;96250;82000;2400;86650;90050;87800;96600;86950;-69350;94650;-39050;56150;81300;99450;-26450;99250;94300;93550;82450;94350;96700;87200;90800;86350;90350;92200;95450;99250;85200;83550;-407050;-452600;-262050;-431250;-424600;-141050;-278550;-438100;-84400;-162500;-424050;-75950;-436450;-423900;-168750;-318800;-414250;-423700;-120750;-265500;-82550;-45550;-44550;-48350;-31250;-49650;-50700;-119500;-68750;-61550;-36600;-313550;-99000;-45450;-46400;-47050;-126700;-164450;-49450;-207100;-327250;-93600;-118800;-36050;-47650;-239350;-182750;-53800;-67950;-84750;-52500;-381300;-91400;-419600;-400950;-414650;-69300;-152700;-420100;-410650;-103300;-386850;-158500;-87300;-129300;-318850;-239700;-130700;-112100;-109400;-51550;-182300;-397500;-146550;-157900;-209500;-195900;-170100;-74200;-117750;-365100;-148800;-426250;-401800;-97600;-409450;-415500;-242800;-196950;-279850;-386450;-310300;-430950;-200150;-192300;-448400;-277200;-177350;-213800;-107900;-149200;-89600;-83400;-77100;-99600;-73400;-144300;-96800;-142050;-294550;-320150;-243500;-56200;-127450;-77100;-216950;-244850;-346550;-186650;-159500;-221250;-437050;-422500;-105550;-403200;-134250;-305400;-133150;-409450;-421500;-74450;-415350;-487800;-433700;-409550;-419250;-288700;-195550;-119950;-178000;-192800;-198600;-377600;-113350;-396200;-117000;-376050;-159500;-408300;-393700;-216050;-118050;-383450;-386150;-106750;-264750;-194950;-194500;-104700;-348400;-283150;-90250;-328300;-352950;-413150;-101250;-382350;-441300;-322700;-90600;-361650;-452250;-220450;-263550;-284100;-403800;-113650;-124300;-448400;-387950;-381350;-271150;-131700;-214900;-118050;-175750;-154700;-135600;-201900;-64450;-305500;-201300;-157450;-239700;-355650;-409350;-217950;-370400;-419700;-439900;-419950;-209900;-362950;-416900;-104850;-399750;-377100;-401600;-94700;-243400;-180450;-358800;-402400;-142250;-36450;-8200;1050;-2150;2900;-329900;-122050;-261450;-25000;-116800;-133850;-169500;-305750;-40550;-212200;-35300;-81250;-338450;-122100;-111300;-384450;-271300;-422150;-520800;-460750;-224800;-440600;-78200;-112250;-419050;-425600;-91350;-443900;-260900;-167400;-95100;-420000;-428550;-145050;-463800;-497050;-118850;-391300;-382550;-377950;-330700;-371400;-193850;-403700;-353700;-112100;-300800
Average Reward History;-78750.0;-73525.0;-65750.0;-69750.0;-69860.0;-70641.66666666667;-69285.71428571429;-65343.75;-66477.77777777778;-69335.0;-69363.63636363637;-70591.66666666667;-70292.30769230769;-68914.28571428571;-68996.66666666667;-67043.75;-65897.05882352941;-68258.33333333333;-69363.15789473684;-68610.0;-67811.90476190476;-69597.72727272728;-72426.08695652174;-72591.66666666667;-71740.0;-71626.92307692308;-70811.11111111111;-70875.0;-70000.0;-70073.33333333333;-70722.58064516129;-70821.875;-72219.69696969698;-72164.70588235294;-70915.71428571429;-70568.05555555556;-70122.97297297297;-70157.8947368421;-72702.56410256411;-72416.25;-71963.41463414633;-72061.90476190476;-71098.83720930232;-71234.09090909091;-71162.22222222222;-71280.43478260869;-72281.91489361702;-72236.45833333333;-71689.79591836735;-71285.0;-70962.74509803922;-70921.15384615384;-70876.41509433962;-70877.77777777778;-70855.45454545454;-70973.21428571429;-71453.50877192983;-71205.1724137931;-71137.28813559322;-70729.16666666667;-70687.70491803279;-70754.83870967742;-70117.46031746031;-70346.875;-70125.38461538461;-70263.63636363637;-70452.98507462686;-70798.5294117647;-70468.84057971014;-69740.0;-69458.45070422535;-69476.38888888889;-70441.09589041096;-70235.13513513513;-70539.33333333333;-70373.02631578948;-70559.09090909091;-70387.82051282052;-70303.79746835443;-70277.5;-69935.8024691358;-69512.80487804877;-69590.96385542168;-69117.85714285714;-68646.4705882353;-68423.25581395348;-68193.10344827586;-68187.5;-68073.03370786516;-67706.11111111111;-67271.42857142857;-67265.21739130435;-67358.06451612903;-67562.76595744681;-67733.68421052632;-67530.72916666667;-67421.64948453609;-67468.87755102041;-67959.09090909091;-68224.0;-68040.59405940594;-67998.03921568628;-68068.44660194175;-67894.23076923077;-67972.38095238095;-67831.1320754717;-68027.57009345795;-68044.44444444444;-68152.29357798165;-67970.0;-67751.8018018018;-67424.10714285714;-67300.88495575222;-67318.42105263157;-67363.47826086957;-67004.74137931035;-66992.30769230769;-67003.38983050847;-67075.63025210085;-66935.41666666667;-67430.99173553719;-67632.37704918033;-68189.43089430894;-67956.04838709677;-68011.2;-67861.90476190476;-67618.11023622047;-67532.421875;-67213.17829457365;-67438.84615384616;-67233.20610687023;-67278.0303030303;-67751.12781954887;-67716.79104477612;-67585.92592592593;-67644.85294117648;-67878.10218978103;-67610.14492753622;-67317.9856115108;-66962.14285714286;-66911.3475177305;-66811.61971830986;-66703.14685314686;-67024.30555555556;-67238.62068965517;-67128.42465753424;-67009.86394557822;-66767.56756756757;-66631.20805369127;-66523.33333333333;-66415.56291390728;-66639.47368421052;-67250.65359477124;-67506.16883116883;-67395.48387096774;-67273.39743589744;-67296.17834394904;-67462.97468354431;-67134.27672955974;-67168.75;-67081.05590062111;-67195.06172839506;-67462.57668711657;-67448.17073170732;-67384.84848484848;-67273.49397590362;-67611.07784431138;-67616.66666666667;-67541.71597633135;-67445.58823529411;-67546.19883040935;-67268.8953488372;-67171.387283237;-67061.7816091954;-67000.0;-66790.05681818182;-66664.40677966102;-66569.38202247191;-66668.99441340783;-66707.5;-66544.47513812155;-66655.76923076923;-66587.9781420765;-66727.71739130435;-66444.05405405405;-66357.52688172043;-66056.95187165776;-65962.76595744681;-65851.85185185185;-65947.36842105263;-65803.92670157069;-65817.44791666667;-65742.48704663213;-65672.42268041238;-65592.56410256411;-65316.836734693876;-65059.64467005076;-65086.11111111111;-65105.52763819096;-64915.75;-64889.55223880597;-64781.18811881188;-64874.3842364532;-64832.8431372549;-64787.07317073171;-64782.038834951454;-64622.70531400966;-64610.817307692305;-64671.77033492823;-64568.80952380953;-64496.919431279624;-64520.04716981132;-64388.96713615023;-64645.32710280374;-64610.0;-64584.02777777778;-64588.940092165896;-64799.54128440367;-64597.260273972606;-64577.045454545456;-64480.99547511312;-64503.82882882883;-64558.96860986547;-64492.63392857143;-64424.0;-64480.30973451328;-64392.73127753304;-64475.65789473684;-64373.362445414845;-64518.913043478264;-64386.580086580085;-64372.41379310345;-64715.45064377682;-64572.4358974359;-64604.04255319149;-64739.6186440678;-64508.01687763713;-64800.42016806723;-64806.0669456067;-64744.375;-64812.65560165975;-64842.76859504132;-64658.2304526749;-64817.41803278688;-64675.30612244898;-64536.9918699187;-64418.21862348178;-64297.37903225807;-64082.93172690763;-63913.8;-63922.11155378486;-63770.63492063492;-63681.62055335968;-63487.99212598425;-63441.96078431373;-63253.125;-63188.910505836575;-63156.976744186046;-63494.20849420849;-63535.57692307692;-63399.80842911878;-63291.98473282443;-63849.619771863116;-64580.871212121216;-64560.943396226416;-64519.36090225564;-65009.363295880146;-65287.87313432836;-65215.055762081785;-65215.92592592593;-65516.60516605166;-65502.38970588235;-65762.4542124542;-65741.24087591241;-65637.09090909091;-65684.96376811594;-65522.92418772563;-65480.575539568345;-65417.921146953406;-65265.0;-65204.44839857651;-65861.87943262412;-65848.2332155477;-65822.35915492958;-65772.28070175438;-66091.95804195805;-66205.22648083624;-66421.52777777778;-66909.51557093425;-67454.13793103448;-67538.31615120274;-67452.56849315068;-67803.92491467576;-68575.0;-68453.55932203389;-68423.98648648648;-68689.5622895623;-68553.69127516779;-68607.02341137124;-68479.66666666667;-68476.07973421927;-68493.54304635762;-68346.20462046204;-68234.53947368421;-68165.73770491804;-68751.96078431372;-69179.96742671009;-69047.56493506493;-69117.79935275081;-69083.54838709677;-69438.42443729904;-69679.0064102564;-69925.71884984025;-69720.22292993631;-69804.28571428571;-70414.71518987342;-70229.65299684543;-71159.74842767295;-71028.36990595612;-71092.1875;-71769.0031152648;-71638.8198757764;-71900.1547987616;-71695.52469135802;-72055.69230769231;-72065.49079754601;-72821.40672782874;-73680.94512195123;-73672.94832826748;-74123.33333333333;-74847.28096676737;-74664.15662650602;-74968.91891891892;-74866.76646706587;-75143.28358208956;-75904.16666666667;-76698.6646884273;-77339.49704142012;-77920.05899705015;-78896.32352941176;-79399.56011730206;-79656.57894736843;-79759.91253644315;-80154.6511627907;-80125.65217391304;-80549.2774566474;-81645.96541786744;-82314.36781609195;-83277.07736389685;-83153.57142857143;-84352.2792022792;-84331.53409090909;-84270.82152974504;-84540.53672316384;-85469.01408450704;-85924.7191011236;-85994.11764705883;-86903.07262569832;-87861.42061281337;-88235.41666666667;-88614.54293628808;-89182.8729281768;-89102.20385674931;-89169.5054945055;-89448.76712328767;-89442.2131147541;-90005.99455040872;-90546.73913043478;-91175.33875338754;-91022.97297297297;-90974.93261455526;-90759.2741935484;-91431.3672922252;-91339.97326203209;-91831.73333333334;-92306.91489361702;-92430.37135278515;-92448.14814814815;-92698.02110817943;-92602.23684210527;-92900.78740157481;-93034.8167539267;-93116.44908616188;-93361.71875;-93538.96103896105;-93418.78238341969;-93237.85529715763;-93327.57731958762;-93694.08740359897;-93577.05128205128;-93901.66240409207;-94221.04591836735;-94309.66921119593;-94207.36040609136;-94093.92405063291;-94025.12626262626;-94106.6750629723;-94452.13567839196;-95216.16541353383;-95682.375;-96110.47381546134;-96138.30845771145;-96862.03473945409;-97433.41584158415;-98002.46913580247;-98719.8275862069;-99352.7027027027;-99559.19117647059;-99593.27628361859;-100223.29268292683;-100148.17518248175;-100108.00970873787;-100224.81840193705;-100964.49275362318;-101635.421686747;-101677.16346153847;-102242.44604316547;-103000.35885167464;-103043.55608591886;-103668.69047619047;-104303.68171021377;-105120.61611374408;-105030.85106382979;-105575.7075471698;-105543.41176470589;-106320.77464788733;-107021.66276346604;-107800.0;-108306.17715617716;-108986.04651162791;-109732.01856148492;-110198.0324074074;-110476.55889145496;-110687.6728110599;-110667.35632183908;-110596.6743119266;-110643.7070938215;-111001.3698630137;-111548.86104783599;-111531.47727272728;-111725.51020408163;-111795.81447963801;-111912.97968397291;-111774.66216216216;-111587.97752808989;-111401.56950672646;-111845.52572706935;-111616.85267857143;-111883.18485523385;-111813.0;-112245.8980044346;-112203.09734513274;-112012.25165562914;-112041.85022026431;-112029.67032967033;-112109.3201754386;-112472.86652078775;-112408.9519650655;-112246.73202614379;-112359.89130434782;-112527.98264642083;-112568.18181818182;-113114.79481641468;-112994.61206896552;-113668.3870967742;-113579.82832618026;-113400.85653104926;-114052.99145299145;-113923.45415778251;-114449.36170212766;-114304.45859872611;-114495.7627118644;-115028.96405919662;-115045.04219409282;-114970.1052631579;-114890.12605042016;-115096.54088050315;-115180.23012552301;-115301.25260960334;-115898.85416666667;-116271.62162162163;-116247.92531120332;-116200.20703933747;-116109.29752066116;-116153.9175257732;-116088.58024691358;-116727.41273100616;-117335.65573770492;-117240.38854805726;-117756.12244897959;-117675.56008146639;-117863.10975609756;-117884.38133874239;-118293.82591093118;-118238.68686868687;-118417.74193548386;-119032.99798792756;-118933.6345381526;-119255.8116232465;-119121.6;-119524.6506986028;-119419.42231075697;-119397.9125248509;-119891.36904761905;-120233.36633663367;-120881.12648221344;-121439.25049309665;-121435.9251968504;-121691.35559921415;-122315.49019607843;-122781.50684931508;-123425.1953125;-124039.57115009747;-124425.58365758754;-124365.63106796116;-124321.7054263566;-124801.06382978724;-124670.94594594595;-125231.5992292871;-125810.19230769231;-125781.57389635316;-125965.80459770115;-126503.63288718929;-126477.6717557252;-126319.23809523809;-126784.79087452471;-127273.33965844402;-127200.0946969697;-127745.17958412098;-127689.43396226416;-127604.04896421845;-128209.86842105263;-128124.67166979362;-128164.79400749064;-128039.81308411215;-127921.45522388059;-127986.31284916202;-127985.22304832714;-128048.60853432282;-127885.74074074074;-127919.77818853974;-128026.29151291512;-128435.08287292818;-128410.01838235294;-128945.59633027524;-129106.59340659341;-129557.67824497257;-129466.42335766423;-129920.3096539162;-130496.81818181818;-131016.8784029038;-131178.71376811594;-131074.05063291139;-131347.02166064983;-131581.0810810811;-132238.57913669065;-132391.74147217235;-132870.6093189964;-132891.14490161;-132740.26785714287;-133236.45276292335;-133136.47686832742;-133123.3570159858;-133586.79078014183;-134083.3628318584;-134622.703180212;-134772.22222222222;-134690.49295774646;-134785.06151142356;-135353.94736842104;-135942.55691768826;-136398.42657342658;-136466.05584642233;-136901.04529616726;-136962.86956521738;-136845.48611111112;-136883.27556325824;-136861.3321799308;-137207.1675302245;-137615.6896551724;-137664.37177280552;-138221.47766323024;-138111.06346483706;-138096.91780821918;-138564.95726495725;-139017.57679180888;-139442.58943781944;-139859.18367346938;-139771.22241086588;-140287.28813559323;-140765.39763113367;-140732.34797297296;-141054.9747048904;-141413.88888888888;-141528.90756302522;-141495.8053691275;-141576.13065326633;-141812.79264214047;-141840.81803005008;-142291.83333333334;-142117.1381031614;-142044.60132890366;-142330.8457711443;-142334.35430463575;-142362.14876033057;-142257.59075907592;-142365.568369028;-142724.50657894736;-142873.31691297208;-143322.868852459;-143775.85924713584;-144207.35294117648;-144600.5709624796;-144502.60586319218;-144652.0325203252;-144729.1396103896;-144863.04700162075;-144730.50161812297;-144880.77544426493;-144773.06451612903;-144680.5958132045;-145126.20578778136;-145001.52487961476;-145198.47756410256;-145646.08;-145727.15654952076;-145937.71929824562;-146027.07006369426;-146045.07154213038;-146527.22222222222;-146614.8177496038;-146692.9588607595;-146581.75355450236;-146930.44164037856;-146867.32283464566;-147183.41194968554;-147663.50078492935;-147736.36363636365;-147904.9295774648;-147936.875;-147974.64898595944;-148251.71339563862;-148132.11508553656;-148613.74223602485;-149001.47286821707;-148856.1145510836;-148907.03245749613;-148827.5462962963;-148845.37750385207;-149245.0;-149218.12596006144;-149082.05521472392;-149488.5911179173;-149903.74617737002;-149965.26717557252;-149946.34146341463;-150349.69558599696;-150181.83890577508;-150273.1411229135;-150540.37878787878;-150462.4054462935;-150655.28700906344;-150894.6455505279;-150853.31325301205;-151264.43609022556;-151094.74474474473;-151138.98050974513;-151540.86826347306;-151359.79073243646;-151682.46268656716;-151990.9090909091;-151988.16964285713;-152099.03417533432;-152025.22255192877;-151913.77777777778;-151822.04142011833;-151717.65140324962;-151612.53687315635;-151638.88070692195;-151856.98529411765;-151903.3039647577;-152193.69501466275;-152171.59590043925;-152460.16081871346;-152569.12408759125;-152487.09912536442;-152475.4730713246;-152530.59593023255;-152763.20754716982;-152832.46376811594;-152721.92474674384;-152660.54913294798;-152609.01875901877;-152398.77521613834;-152437.41007194246;-152374.92816091955;-152521.01865136297;-152467.04871060172;-152609.0128755365;-152589.7857142857;-152977.53209700427;-153376.49572649572;-153766.6429587482;-153715.48295454544;-154094.32624113475;-154044.26345609064;-154345.68599717115;-154266.03107344633;-154660.7898448519;-154551.47887323942;-154933.89592123768;-154984.19943820225;-155227.84011220196;-155290.8263305322;-155252.72727272726;-155140.85195530727;-155420.7810320781;-155307.10306406685;-155718.0806675939;-156020.55555555556;-156266.57420249653;-156381.2326869806;-156368.2572614108;-156195.85635359117;-156466.75862068965;-156335.46831955924;-156350.20632737275;-156362.36263736265;-156383.8134430727;-156280.61643835617;-156326.4021887825;-156610.17759562843;-156665.34788540244;-156578.67847411445;-156669.1156462585;-156891.5760869565;-157019.67435549526;-157069.0379403794;-157209.2692828146;-157358.5810810811;-157208.70445344129;-157103.70619946092;-157008.74831763122;-156835.55107526883;-157138.38926174497;-157048.45844504022;-157289.2904953146;-157338.90374331552;-157279.50600801068;-157252.66666666666;-157510.0532623169;-157713.164893617;-157894.8207171315;-158212.59946949602;-158242.05298013246;-158393.18783068782;-158325.49537648613;-158654.2216358839;-158575.8234519104;-158519.73684210525;-158615.505913272;-158594.75065616798;-158573.32896461338;-158811.12565445027;-158803.5294117647;-158811.6187989556;-159126.53194263365;-159214.71354166666;-159642.7178153446;-159734.22077922078;-159901.1673151751;-160163.47150259066;-160273.35058214748;-160655.29715762273;-160799.35483870967;-160814.11082474227;-161184.04118404118;-161539.01028277635;-161854.3645699615;-162061.79487179487;-162465.49295774646;-162800.63938618926;-162710.53639846743;-162644.45153061225;-162881.6560509554;-163198.34605597964;-163093.0749682338;-163437.69035532995;-163437.5792141952;-163765.0;-163954.29835651076;-164307.89141414143;-164199.8738965952;-164054.84886649874;-163729.62264150943;-163417.14824120604;-163099.49811794228;-162827.69423558898;-162558.01001251565;-162300.25;-162067.6654182272;-161800.56109725687;-161523.16313823164;-161350.06218905473;-161103.72670807454;-160783.74689826302;-160470.44609665428;-160329.14603960395;-160168.04697156983;-159849.8765432099;-159707.58323057953;-159387.93103448275;-159074.29274292744;-158764.49631449633;-158455.46012269938;-158295.71078431373;-157985.00611995105;-157684.96332518337;-157381.74603174604;-157238.96341463414;-157084.7137637028;-156988.56447688566;-156842.95261239368;-156538.65291262136;-156240.9090909091;-156021.06537530266;-155908.88754534462;-155612.98309178744;-155321.53196622437;-155023.3734939759;-154903.54993983152;-154605.16826923078;-154311.1044417767;-154009.7721822542;-153756.16766467065;-153454.3062200957;-153163.02270011947;-152872.37470167063;-152657.44934445768;-152726.84523809524;-152959.27467300833;-152837.2327790974;-152977.52075919334;-153094.54976303317;-153317.10059171598;-153566.48936170212;-153514.46280991734;-153444.63443396226;-153676.6195524146;-153671.70588235295;-153962.6909518214;-153926.8192488263;-154132.12192262601;-154084.9531615925;-154277.48538011697;-154505.08177570094;-154644.6324387398;-154658.56643356645;-154619.38300349243;-154476.56976744186;-154371.42857142858;-154493.44547563806;-154494.26419466975;-154374.94212962964;-154341.2716763006;-154417.60969976906;-154471.85697808536;-154502.53456221198;-154435.15535097814;-154356.7816091954;-154422.04362801378;-154527.52293577982;-154442.09621993126;-154392.73455377575;-154373.0285714286;-154285.7876712329;-154306.95553021666;-154599.54441913438;-154865.87030716724;-155028.125;-155031.21452894437;-154932.9365079365;-154858.26727066818;-154925.56561085972;-154852.3163841808;-155115.97065462754;-155044.25028184892;-154956.64414414414;-154927.67154105738;-154761.68539325843;-155033.38945005613;-155025.22421524665;-155026.20380739082;-155055.14541387025;-154934.41340782124;-155113.33705357142;-155246.71125975472;-155539.97772828507;-155683.14794215796;-155594.27777777778;-155761.93118756937;-155663.63636363635;-155711.57253599114;-155629.75663716815;-155501.7679558011;-155387.80353200884;-155595.58985667035;-155425.38546255507;-155282.12321232122;-155219.010989011;-155137.15697036224;-155143.42105263157;-155103.39539978094;-155108.04157549233;-154979.07103825136;-154930.89519650655;-154761.3413304253;-154598.14814814815;-154706.2568008705;-154823.64130434784;-154994.89685124863;-154928.6334056399;-155224.2686890574;-155299.8917748918;-155397.67567567568;-155431.7494600432;-155445.3074433657;-155274.94612068965;-155115.1776103337;-155168.87096774194;-155101.3426423201;-155373.12231759657;-155626.31296891748;-155633.72591006424;-155557.16577540108;-155517.25427350428;-155385.53895410887;-155212.73987206822;-155436.79446219382;-155284.78723404257;-155392.348565356;-155600.10615711252;-155522.74655355248;-155503.33686440677;-155669.73544973545;-155711.31078224102;-155941.1298838437;-156009.17721518988;-155969.5995785037;-155967.57894736843;-156200.15772870663;-156473.1092436975;-156459.23399790138;-156526.20545073375;-156781.04712041884;-156849.00627615064;-157112.8526645768;-157381.62839248433;-157634.2544316997;-157909.27083333334;-158183.35067637876;-158250.0;-158286.1370716511;-158280.34232365145;-158271.7616580311;-158544.2546583851;-158555.63598759047;-158676.96280991734;-158636.68730650155;-158712.1649484536;-158686.97219361484;-159011.6255144033;-158962.38437821172;-158973.71663244354;-158860.2564102564;-158941.18852459016;-159195.29170931422;-159416.51329243355;-159673.493360572;-159946.9387755102;-159928.9500509684;-159937.016293279;-160182.1464903357;-160169.20731707316;-160087.05583756344;-160138.43813387424;-160100.81053698075;-160240.6882591093;-160376.89585439838;-160423.68686868687;-160333.04742684157;-160484.77822580645;-160420.69486404833;-160495.8249496982;-160459.6984924623;-160726.75702811245;-160712.9889669007;-160842.18436873748;-160798.84884884884;-160899.35;-160785.26473526473;-160875.748502994;-160788.98305084746;-160867.38047808764;-160794.7263681592;-160773.21073558647;-160837.7358490566;-161068.60119047618;-161315.46085232904;-161294.05940594058;-161272.20573689416;-161510.523715415;-161667.0286278381;-161568.49112426036;-161623.84236453203;-161542.66732283463;-161460.668633235;-161606.4833005894;-161736.5554465162;-161826.32352941178;-161792.8501469148;-161715.70450097846;-161963.4897360704;-161888.18359375;-161976.82926829267;-162186.20857699806;-162434.37195715678;-162484.2412451362;-162376.5306122449;-162286.26213592233;-162199.51503394762;-162343.31395348837;-162524.6853823814;-162395.5512572534;-162574.63768115942;-162476.25482625482;-162430.61716489875;-162656.16570327553;-162656.2560153994;-162799.51923076922;-162561.28722382325;-162322.216890595;-162080.96836049855;-161834.05172413794;-161604.4019138756;-161359.7514340344;-161118.00382043936;-160881.393129771;-160645.47187797903;-160404.80952380953;-160164.60513796384;-159927.99429657793;-159713.43779677112;-159476.23339658443;-159244.69194312795;-159007.6231060606;-158864.0491958373;-158747.02268431;-158515.76959395656;-158277.54716981133;-158045.287464656;-157812.09981167607;-157581.51458137349;-157349.24812030076;-157118.6854460094;-156885.08442776735;-156648.59418931583;-156421.62921348316;-156180.82319925164;-155937.66355140187;-155765.45284780578;-155536.42723880598;-155309.97204100652;-155080.8659217877;-154853.3023255814;-154623.42007434944;-154391.96843082638;-154494.1094619666;-154559.2215013902;-154544.39814814815;-154547.03977798336;-154800.55452865065;-154914.21975992614;-155166.78966789666;-155092.7649769585;-155130.11049723756;-155218.3072677093;-155472.88602941178;-155496.7860422406;-155560.04587155965;-155652.24564619616;-155893.17765567766;-156133.02836230557;-156100.13711151737;-156186.02739726027;-156436.7700729927;-156421.5587967183;-156657.92349726777;-156897.81619654232;-156801.04545454544;-157084.28701180744;-157163.92921960072;-157131.77697189484;-157384.46557971014;-157340.58823529413;-157590.86799276673;-157740.19873532068;-157987.81588447653;-157914.11181244365;-158146.62162162163;-158088.6588658866;-158027.83273381295;-158259.3441150045;-158444.43447037702;-158698.11659192826;-158944.5340501792;-158847.67233661594;-159086.67262969588;-159080.02680965146;-159280.8482142857;-159140.85637823373;-159335.3386809269;-159568.47729296528;-159772.3309608541;-159966.57777777777;-160169.58259325044;-160344.63176574977;-160276.46276595743;-160458.63596102747;-160640.97345132745;-160687.3563218391;-160886.9699646643;-160798.4112974404;-161011.3315696649;-161029.5154185022;-160856.77816901408;-160650.35180299034;-160433.78734622145;-160212.15978928885;-159993.68421052632;-159771.69149868537;-159548.4238178634;-159335.65179352582;-159125.43706293707;-158902.40174672488;-158692.1902268761;-158551.74367916305;-158338.15331010454;-158121.97563098348;-157908.13043478262;-157687.01129452648;-157474.65277777778;-157398.2220294883;-157179.80935875216;-157077.53246753247;-156893.07958477509;-156687.20829732067;-156466.0189982729;-156353.83951682484;-156133.49137931035;-155917.7863910422;-155703.09810671257;-155498.32330180568;-155283.676975945;-155067.3819742489;-154859.60548885076;-154649.1002570694;-154442.7654109589;-154233.36184773312;-154022.73504273503;-153809.6925704526;-153593.77133105803;-153390.19607843139;-153188.3730834753;-153404.4255319149;-153658.84353741497;-153750.93457943926;-153986.5025466893;-154216.03053435116;-154204.87288135593;-154310.16088060965;-154550.2538071066;-154490.9551986475;-154497.7195945946;-154725.18987341772;-154658.7689713322;-154896.16680707666;-155122.601010101;-155134.0622371741;-155271.59663865546;-155489.04282115868;-155714.05201342283;-155684.74434199499;-155776.71691792295;-155715.43933054394;-155623.32775919733;-155530.53467000835;-155441.06844741234;-155337.48957464553;-155249.41666666666;-155162.3646960866;-155132.69550748751;-155060.88944305902;-154983.22259136214;-154884.97925311205;-155016.54228855722;-154970.13256006627;-154879.4701986755;-154789.7435897436;-154700.70247933886;-154677.5805119736;-154685.64356435643;-154598.88705688377;-154642.1334431631;-154784.19753086418;-154733.88157894736;-154704.35497124077;-154606.93760262727;-154519.1960623462;-154588.72950819673;-154611.7936117936;-154529.2962356792;-154458.5036794767;-154401.5522875817;-154318.3673469388;-154503.50734094618;-154452.0782396088;-154667.996742671;-154868.38893409277;-155079.59349593497;-155009.91064175466;-155008.0357142857;-155223.03325223032;-155430.02431118314;-155387.8137651822;-155575.08090614885;-155577.44543249797;-155522.29402261713;-155501.12994350283;-155632.86290322582;-155700.60435132956;-155680.47504025765;-155645.4143201931;-155608.23954983923;-155524.65863453815;-155546.14767255218;-155740.1764234162;-155732.8125;-155734.5476381105;-155777.56;-155809.63229416468;-155821.0463258786;-155755.90582601755;-155725.5980861244;-155892.43027888445;-155886.78343949045;-156101.8695306285;-156297.17806041337;-156250.55599682286;-156451.50793650793;-156656.9389373513;-156725.19809825675;-156757.0467141726;-156854.43037974683;-157035.92885375494;-157156.990521327;-157373.08602999212;-157406.8217665615;-157434.3183609141;-157663.42519685038;-157757.474429583;-157772.87735849057;-157816.88923802043;-157777.70800627943;-157770.98039215687;-157717.55485893416;-157659.35787000784;-157596.32237871675;-157550.97732603597;-157485.234375;-157474.94145199063;-157427.61310452418;-157415.6274356976;-157522.42990654206;-157648.98832684825;-157715.7465007776;-157636.8686868687;-157613.43167701864;-157550.96974398757;-157597.01550387597;-157664.60108443067;-157810.79721362228;-157833.10131477186;-157834.38948995364;-157883.35907335908;-158098.76543209876;-158302.62143407864;-158261.97996918336;-158450.5388760585;-158431.92307692306;-158544.88854727132;-158525.38402457756;-158717.95855717573;-158919.47852760737;-158854.7509578544;-159051.1485451761;-159302.6778882938;-159512.4617737003;-159703.47593582887;-159901.6030534351;-159999.8474446987;-160026.94359756098;-159996.4204112719;-160010.12176560122;-160035.05703422055;-160064.36170212767;-160229.53682611996;-160193.96813353567;-160372.8961334344;-160340.03787878787;-160503.33080999242;-160502.57186081694;-160689.87150415723;-160865.86102719035;-160907.50943396226;-160875.18853695324;-161042.9163526752;-161212.4246987952;-161171.4446952596;-161249.3233082707;-161274.64312546956;-161299.5870870871;-161257.12678169544;-161397.41379310345;-161488.61423220974;-161435.29191616765;-161560.0972326103;-161703.13901345292;-161890.92606422704;-161845.67164179104;-162010.10439970173;-162218.21907600597;-162337.71407297096;-162284.33779761905;-162432.56505576207;-162647.882615156;-162690.79435783223;-162765.61572700297;-162855.55967383247;-163034.03703703705;-162997.48334566987;-162968.86094674555;-163179.82261640797;-163345.8271787297;-163506.71586715867;-163586.098820059;-163562.60132645542;-163600.40500736376;-163566.88741721853;-163575.8455882353;-163569.32402645113;-163548.7885462555;-163576.92589875276;-163504.2521994135;-163608.27838827838;-163635.8711566618;-163631.34601316752;-163686.95175438595;-163827.173119065;-164006.38686131386;-164045.7330415755;-164196.13702623907;-164382.2286962855;-164582.75109170304;-164768.47272727272;-164801.2718023256;-164945.17066085694;-165128.01161103047;-165084.30021754894;-165254.34782608695;-165407.74800868935;-165578.6541244573;-165527.40419378164;-165583.67052023122;-165594.40433212995;-165733.80230880232;-165904.43403028118;-165887.39193083573;-165794.2044636429;-165680.8273381295;-165560.9633357297;-165443.57040229885;-165322.7207465901;-165440.78192252512;-165409.67741935485;-165478.47421203437;-165377.91696492484;-165343.1688125894;-165320.65761258043;-165323.64285714287;-165423.87580299785;-165334.8074179743;-165368.21097647896;-165275.5698005698;-165215.76512455515;-165338.97581792317;-165308.24449182657;-165269.88636363635;-165425.44357700497;-165500.53191489363;-165682.42381289866;-165933.9235127479;-166142.56900212314;-166184.0523338048;-166377.9858657244;-166315.71327683615;-166277.55822159493;-166455.81805359662;-166638.44256518676;-166585.42253521126;-166780.57705840957;-166846.76511954993;-166847.15390021083;-166796.76966292135;-166974.45614035087;-167157.889200561;-167142.39663629993;-167350.1400560224;-167580.86074177746;-167546.78321678322;-167703.14465408804;-167853.17737430168;-167999.79064898813;-168113.24965132496;-168254.91289198605;-168272.73676880222;-168436.56924147528;-168565.40333796942;-168526.1640027797;-168618.02083333334
Steps Survived History;24;5;7;25;12;11;30;21;18;35;6;29;5;9;32;17;7;39;32;15;9;33;16;15;8;5;8;10;30;16;54;11;41;41;5;54;9;18;62;23;10;14;7;15;6;15;52;6;22;8;10;5;5;8;7;17;25;12;5;27;6;16;6;20;13;17;22;31;44;11;8;47;55;17;19;35;52;17;40;8;22;16;15;12;5;6;23;11;22;17;5;39;23;25;31;33;25;13;50;42;5;7;13;8;32;8;26;7;90;5;36;17;29;7;9;7;21;10;21;8;78;41;78;31;10;6;12;25;11;19;17;43;36;34;6;41;37;8;9;8;26;16;11;43;46;7;5;6;41;11;11;48;69;59;10;5;29;16;16;8;23;28;80;29;14;5;100;6;14;49;57;12;8;5;14;7;11;9;41;30;22;78;15;19;24;25;5;5;11;34;31;36;20;28;29;9;28;7;9;7;23;23;24;15;16;24;24;39;22;34;8;11;14;39;32;18;41;54;12;74;53;15;26;5;26;54;8;32;29;68;9;65;137;11;16;42;7;98;59;7;74;41;27;72;48;11;14;9;8;22;60;25;42;17;33;11;42;10;87;17;7;43;172;157;50;61;119;99;53;51;63;19;198;46;99;25;23;12;7;52;9;128;28;38;15;174;118;45;296;194;18;34;105;400;28;59;137;5;128;9;38;63;24;120;5;301;260;7;55;69;232;275;261;60;114;326;12;356;63;69;400;7;184;22;244;108;400;392;96;251;400;41;182;35;156;400;400;312;170;400;146;102;74;200;46;175;340;250;400;18;387;12;20;107;400;180;90;400;400;181;160;295;34;79;146;78;278;256;318;14;98;6;310;40;400;271;158;87;189;23;223;114;123;157;168;31;31;132;215;38;215;213;143;31;51;65;108;246;400;255;313;104;400;400;400;400;400;159;107;400;5;25;166;400;400;80;361;400;105;400;400;400;8;311;53;400;400;400;271;400;400;243;194;149;56;18;121;224;309;59;163;74;116;43;5;5;228;5;196;69;265;67;6;56;40;116;199;37;13;154;124;63;326;49;400;47;7;400;28;274;42;130;330;55;17;35;152;85;104;400;231;184;27;26;72;19;342;324;8;310;50;151;61;238;25;149;400;24;210;11;258;81;41;311;210;360;400;118;400;391;400;361;400;395;27;54;400;103;400;400;44;190;400;65;14;400;314;27;400;35;38;396;21;86;18;11;106;59;95;24;82;117;400;103;384;184;400;16;400;387;400;225;22;195;154;398;208;400;98;5;400;12;68;400;356;400;228;97;141;400;400;400;121;400;102;5;94;60;300;311;97;368;29;84;400;400;311;400;47;357;400;54;295;400;138;233;148;225;133;400;17;33;400;89;162;15;400;400;400;400;400;400;297;35;175;119;151;19;180;33;22;400;5;195;337;123;199;150;85;385;128;122;48;301;77;292;365;120;178;98;101;262;25;363;400;32;113;42;89;338;104;40;400;400;144;67;400;17;182;240;86;254;272;97;400;32;188;400;19;400;400;400;400;400;107;51;400;400;368;400;400;400;400;400;400;400;400;400;400;400;400;400;400;400;400;400;400;47;179;70;400;345;400;49;400;53;277;31;339;12;400;116;247;126;59;12;290;10;356;287;279;177;128;33;400;54;158;94;169;22;128;400;138;78;155;239;200;132;259;244;45;35;90;39;400;31;400;194;102;80;400;257;215;400;113;226;81;400;60;48;156;95;123;300;95;107;400;158;395;160;233;308;201;383;232;141;400;400;400;293;400;400;44;44;261;357;15;400;129;400;257;400;110;8;133;120;120;136;137;125;124;140;158;45;143;134;121;10;36;133;11;134;132;125;138;72;137;132;126;48;71;63;52;132;128;116;18;124;116;137;27;139;134;140;119;137;134;129;126;197;400;6;216;250;400;400;97;119;263;134;400;56;400;104;329;400;315;130;75;28;56;400;92;400;400;400;400;254;400;400;400;400;117;400;345;113;400;400;400;273;106;58;99;199;81;363;126;33;152;13;400;133;166;200;42;296;291;400;288;12;400;400;400;283;400;69;400;400;400;400;400;400;400;400;244;46;77;39;286;241;241;53;360;221;284;232;224;43;18;191;137;400;400;132;81;110;45;35;339;59;257;327;64;56;251;163;367;187;75;101;366;400;94;184;400;182;400;400;400;400;388;155;142;82;101;400;112;198;52;156;64;391;63;118;26;192;339;307;326;400;94;116;400;83;14;173;100;215;214;191;27;230;30;173;400;400;79;264;143;339;10;397;50;201;40;70;157;345;400;89;342;400;400;24;168;17;13;290;245;202;58;77;400;39;200;400;360;149;71;73;25;265;400;60;400;34;89;400;139;400;126;137;142;135;133;152;125;139;137;121;134;124;143;126;144;142;100;53;129;135;136;126;121;146;127;151;134;119;141;146;124;120;132;129;139;124;131;400;169;71;122;400;195;400;10;156;211;400;109;164;193;400;400;89;209;400;69;400;400;25;400;170;56;400;82;400;257;400;36;400;32;44;400;280;400;400;13;400;139;400;20;400;400;400;400;400;400;114;400;348;189;400;66;400;324;145;132;142;126;123;131;152;132;125;148;130;130;132;125;134;141;121;5;131;50;146;111;139;50;133;140;132;122;135;131;118;124;116;137;128;138;133;126;142;400;381;185;400;400;62;200;400;60;90;400;11;400;400;135;207;400;400;116;400;17;69;112;101;28;34;207;146;400;26;90;359;197;29;20;8;74;165;168;172;400;58;69;135;10;400;234;400;7;19;155;329;61;400;400;400;7;82;400;400;41;335;115;43;118;293;210;62;64;79;25;150;400;114;88;193;160;149;44;82;316;108;400;400;89;400;400;187;171;236;400;229;400;137;118;370;206;146;139;90;310;182;259;400;33;48;400;400;400;400;400;400;24;130;94;178;400;400;252;114;145;399;400;41;400;64;256;63;400;400;31;400;400;400;400;400;225;179;113;112;141;164;400;98;323;74;400;89;400;400;160;70;400;332;39;208;148;130;39;306;241;24;244;229;400;34;334;400;267;27;281;376;147;185;203;400;47;57;400;400;305;400;400;400;400;400;400;400;400;400;400;400;400;400;400;400;183;400;371;368;400;170;293;400;100;400;400;400;64;215;137;400;400;84;27;9;53;44;54;400;186;329;22;174;133;101;400;98;206;82;75;400;128;98;400;338;400;380;400;169;342;49;44;400;400;25;400;200;113;48;400;400;99;400;400;50;319;335;400;249;307;146;400;284;61;250
Coins Collected History;3;0;0;2;2;0;5;1;1;1;1;2;2;1;1;1;2;3;0;1;1;2;0;1;0;0;1;1;2;2;1;1;3;1;2;3;0;2;8;2;1;1;2;0;1;0;3;0;0;2;0;0;1;0;1;0;3;0;2;3;0;3;0;0;1;0;2;3;2;0;2;7;7;1;2;2;5;1;6;1;3;1;1;2;1;1;5;3;2;0;1;3;2;2;4;2;3;1;5;1;0;2;0;2;3;0;0;1;12;2;3;1;0;1;0;1;0;1;0;1;1;9;3;3;0;2;0;3;2;1;0;2;7;4;1;3;1;1;1;0;2;2;1;0;1;0;0;0;6;2;2;3;5;7;1;1;6;0;1;0;1;1;6;1;1;1;7;1;1;2;5;0;0;2;1;0;3;2;2;4;3;3;1;1;4;8;1;1;3;4;4;4;3;8;1;3;5;0;1;3;4;1;2;1;2;1;0;4;0;2;2;3;1;3;1;1;4;9;1;7;7;3;4;0;0;9;2;2;3;4;0;9;19;1;3;0;1;5;9;1;8;4;4;8;8;1;4;0;1;2;11;0;10;2;0;2;5;1;7;0;1;10;5;15;5;11;5;11;7;6;9;0;5;11;16;4;7;2;0;15;2;12;1;7;1;22;16;7;13;11;5;3;8;15;4;10;13;3;15;3;8;13;7;27;1;9;8;2;13;5;12;13;26;20;15;21;2;15;11;7;15;1;23;6;15;12;21;9;15;2;17;7;7;11;3;14;25;14;1;10;1;1;3;1;0;0;8;6;11;0;6;0;1;2;2;2;2;1;7;3;3;6;0;4;2;4;1;2;5;0;5;1;1;2;10;3;6;1;3;3;9;2;2;2;5;3;4;2;3;3;3;9;3;2;1;1;3;9;5;4;15;14;5;19;27;3;20;4;2;13;0;3;15;2;10;3;37;14;6;30;25;18;2;25;3;7;5;17;13;4;15;7;4;0;1;2;1;1;3;0;1;1;0;2;1;2;0;2;4;0;2;1;1;0;1;0;2;1;0;4;1;0;1;1;0;3;1;0;0;0;1;1;2;0;1;0;4;1;1;3;0;3;0;1;2;0;1;1;1;3;1;0;1;0;0;0;2;0;4;2;2;3;0;4;1;3;5;2;4;1;6;0;2;7;0;1;4;0;2;2;1;2;3;5;5;17;3;2;2;1;6;13;1;2;7;3;4;1;1;8;2;1;21;13;12;13;14;1;12;10;2;20;4;16;1;3;20;4;9;0;1;0;5;16;6;6;21;9;2;10;5;5;2;10;2;0;3;1;10;9;1;1;5;6;2;7;2;10;3;0;2;0;8;18;0;7;4;3;7;1;1;0;7;3;5;1;4;2;3;0;2;2;1;6;6;0;1;2;0;0;0;1;1;2;2;0;1;3;0;3;2;1;0;2;1;4;2;0;1;1;1;0;0;2;8;1;1;2;1;7;0;1;4;2;5;0;2;1;2;0;0;8;9;2;0;7;6;1;2;2;21;14;25;27;10;3;10;19;12;7;18;8;25;16;3;27;24;19;7;10;17;7;20;17;17;9;14;0;2;0;1;3;0;0;2;1;0;0;1;0;1;0;1;1;0;1;2;0;1;1;5;3;16;15;18;18;16;0;18;1;3;15;1;14;2;1;6;3;18;20;19;0;21;21;8;2;18;23;20;2;18;4;2;8;1;2;8;7;7;0;4;13;11;10;6;5;9;7;2;2;5;7;7;3;1;1;4;2;3;1;2;0;0;1;0;4;0;2;0;2;3;3;20;0;50;50;50;50;50;50;42;50;50;25;48;50;50;2;14;50;3;50;50;50;50;29;50;50;50;23;22;22;20;50;50;48;5;50;50;50;12;50;50;50;50;50;50;50;47;1;1;1;3;1;3;1;2;2;0;1;1;0;2;2;0;1;1;1;0;0;0;6;0;27;5;7;21;14;22;33;17;16;1;15;20;1;18;3;9;1;1;0;9;1;1;3;12;2;13;3;2;1;10;11;1;2;12;5;11;1;26;21;6;19;9;1;11;27;12;28;19;11;24;20;38;1;23;11;15;8;0;5;7;3;18;16;21;13;5;3;18;1;3;11;3;2;16;13;5;15;3;3;13;0;2;1;7;1;3;0;6;4;2;2;6;1;5;4;8;7;8;2;1;1;2;5;5;1;0;1;0;3;0;1;0;9;8;5;4;4;2;1;6;3;0;0;8;1;1;6;1;1;0;3;4;1;0;2;1;4;1;2;0;8;0;0;3;1;4;0;4;5;12;8;3;0;0;21;6;2;0;15;1;4;19;9;6;2;23;20;4;16;19;23;20;1;23;2;15;31;50;50;50;50;50;50;50;50;50;50;50;50;49;50;50;50;40;25;50;50;50;50;50;50;50;50;50;50;50;50;50;50;50;50;50;50;50;41;1;1;1;1;1;0;0;0;1;3;1;2;0;3;3;1;1;1;0;5;5;2;4;1;0;1;2;1;4;2;2;3;1;2;0;3;1;7;3;3;1;9;8;10;2;9;9;6;16;14;13;1;3;13;4;5;42;50;50;50;50;50;50;50;50;50;50;50;44;50;50;50;50;50;0;50;25;50;50;50;22;50;50;50;50;50;50;50;50;50;50;50;50;50;50;50;8;4;2;1;1;4;1;3;5;0;3;0;2;0;1;1;5;1;12;29;0;5;21;22;1;1;12;4;14;10;1;10;8;5;5;4;6;5;12;12;9;3;6;2;2;6;9;21;1;0;7;4;1;1;4;2;1;1;0;5;1;0;1;7;6;7;4;1;5;0;2;2;6;8;0;7;4;3;5;3;11;9;3;3;5;2;6;14;1;10;5;1;0;5;1;4;1;14;1;16;4;1;4;2;0;1;8;6;7;7;6;9;2;3;2;1;8;10;10;1;1;5;5;0;3;0;3;0;7;0;2;10;5;2;8;5;4;6;13;2;0;1;12;11;4;5;13;1;3;10;3;5;10;12;0;5;5;2;0;3;11;0;2;1;1;0;7;5;3;1;3;5;1;2;1;7;1;1;5;6;3;5;3;23;7;19;15;20;12;9;11;12;11;18;9;5;2;14;8;1;1;6;1;2;9;14;13;8;1;3;7;14;0;3;2;3;19;15;17;19;23;24;1;17;6;1;24;18;2;14;2;17;3;13;8;24;2;2;2;1;2;1;0;7;0;0;4;1;2;1;2;2;1;7;2;0;14;1;12;0;5;2;4;1;3;7
Enemies Killed History;0;0;0;0;0;0;0;0;0;0;0;0;0;0;0;0;0;0;0;0;0;0;0;0;0;0;0;0;0;0;0;0;0;0;0;0;0;0;0;0;0;0;0;0;0;0;0;0;0;0;0;0;0;0;0;0;0;0;0;0;0;0;0;0;0;0;0;0;0;0;0;0;0;0;0;0;0;0;0;0;0;0;0;0;0;0;0;0;0;0;0;0;0;0;0;0;0;0;0;0;0;0;0;0;0;0;0;0;0;0;0;0;0;0;0;0;0;0;0;0;0;0;0;0;0;0;0;0;0;0;0;0;0;0;0;0;0;0;0;0;0;0;0;0;0;0;0;0;0;0;0;0;0;0;0;0;0;0;0;0;0;0;0;0;0;0;0;0;0;0;0;0;0;0;0;0;0;0;0;0;0;0;0;0;0;0;0;0;0;0;0;0;0;0;0;0;0;0;0;0;0;0;0;0;0;0;0;0;0;0;0;0;0;0;0;0;0;0;0;0;0;0;0;0;0;0;0;0;0;0;0;0;0;0;0;0;0;0;0;0;0;0;0;0;0;0;0;0;0;0;0;0;0;0;0;0;0;0;0;0;0;0;0;0;0;0;0;0;0;0;0;0;0;0;0;0;0;0;0;0;0;0;0;0;0;0;0;0;0;0;0;0;0;0;0;0;0;0;0;0;0;0;0;0;0;0;0;0;0;0;0;0;0;0;0;0;0;0;0;0;0;0;0;0;0;0;0;0;0;0;0;0;0;0;0;0;0;0;0;0;0;0;0;0;0;0;0;0;0;0;0;0;0;0;0;0;0;0;0;0;0;0;0;0;0;0;0;0;0;0;0;0;0;0;0;0;0;0;0;0;0;0;0;0;0;0;0;0;0;0;0;0;0;0;0;0;0;0;0;0;0;0;0;0;0;0;0;0;0;0;0;0;0;0;0;0;0;0;0;0;0;0;0;0;0;0;0;0;0;0;0;0;0;0;0;0;0;0;0;0;0;0;0;0;0;0;0;0;0;0;0;0;0;0;0;0;0;0;0;0;0;0;0;0;0;0;0;0;0;0;0;0;0;0;0;0;0;0;0;0;0;0;0;0;0;0;0;0;0;0;0;0;0;0;0;0;0;0;0;0;0;0;0;0;0;0;0;0;0;0;0;0;0;0;0;0;0;0;0;0;0;0;0;0;0;0;0;0;0;0;0;0;0;0;0;0;0;0;0;0;0;0;0;0;0;0;0;0;0;0;0;0;0;0;0;0;0;0;0;0;0;0;0;0;0;0;0;0;0;0;0;0;0;0;0;0;0;0;0;0;0;0;0;0;0;0;0;0;0;0;0;0;0;0;0;0;0;0;0;0;0;0;0;0;0;0;0;0;0;0;0;0;0;0;0;0;0;0;0;0;0;0;0;0;0;0;0;0;0;0;0;0;0;0;0;0;0;0;0;0;0;0;0;0;0;0;0;0;0;0;0;0;0;0;0;0;0;0;0;0;0;0;0;0;0;0;0;0;0;0;0;0;0;0;0;0;0;0;0;0;0;0;0;0;0;0;0;0;0;0;0;0;0;0;0;0;0;0;0;0;0;0;0;0;0;0;0;0;0;0;0;0;0;0;0;0;0;0;0;0;0;0;0;0;0;0;0;0;0;0;0;0;0;0;0;0;0;0;0;0;0;0;0;0;0;0;0;0;0;0;0;0;0;0;0;0;0;0;0;0;0;0;0;0;0;0;0;0;0;0;0;0;0;0;0;0;0;0;0;0;0;0;0;0;0;0;0;0;0;0;0;0;0;0;0;0;0;0;0;0;0;0;0;0;0;0;0;0;0;0;0;0;0;0;0;0;0;0;0;0;0;0;0;0;0;0;0;0;0;0;0;0;0;0;0;0;0;0;0;0;0;0;0;0;0;0;0;0;0;0;0;0;0;0;0;0;0;0;0;0;0;0;0;0;0;0;0;0;0;0;0;0;0;0;0;0;0;0;0;0;0;0;0;0;0;0;0;0;0;0;0;0;0;0;0;0;0;0;0;0;0;0;0;0;0;0;0;0;0;0;0;0;0;0;0;0;0;0;0;0;0;0;0;0;0;0;0;0;0;0;0;0;0;0;0;0;0;0;0;0;0;0;0;0;0;0;0;0;0;0;0;0;0;0;0;0;0;0;0;0;0;0;0;0;0;0;0;0;0;0;0;0;0;0;0;0;0;0;0;0;0;0;0;0;0;0;0;0;0;0;0;0;0;0;0;0;0;0;0;0;0;0;0;0;0;0;0;0;0;0;0;0;0;0;0;0;0;0;0;0;0;0;0;0;0;0;0;0;0;0;0;0;0;0;0;0;0;0;0;0;0;0;0;0;0;0;0;0;0;0;0;0;0;0;0;0;0;0;0;0;0;0;0;0;0;0;0;0;0;0;0;0;0;0;0;0;0;0;0;0;0;0;0;0;0;0;0;0;0;0;0;0;0;0;0;0;0;0;0;0;0;0;0;0;0;0;0;0;0;0;0;0;0;0;0;0;0;0;0;0;0;0;0;0;0;0;0;0;0;0;0;0;0;0;0;0;0;0;0;0;0;0;0;0;0;0;0;0;0;0;0;0;0;0;0;0;0;0;0;0;0;0;0;0;0;0;0;0;0;0;0;0;0;0;0;0;0;0;0;0;0;0;0;0;0;0;0;0;0;0;0;0;0;0;0;0;0;0;0;0;0;0;0;0;0;0;0;0;0;0;0;0;0;0;0;0;0;0;0;0;0;0;0;0;0;0;0;0;0;0;0;0;0;0;0;0;0;0;0;0;0;0;0;0;0;0;0;0;0;0;0;0;0;0;0;0;0;0;0;0;0;0;0;0;0;0;0;0;0;0;0;0;0;0;0;0;0;0;0;0;0;0;0;0;0;0;0;0;0;0;0;0;0;0;0;0;0;0;0;0;0;0;0;0;0;0;0;0;0;0;0;0;0;0;0;0;0;0;0;0;0;0;0;0;0;0;0;0;0;0;0;0;0;0;0;0;0;0;0;0;0;0;0;0;0;0;0;0;0;0;0;0;0;0;0;0;0;0;0;0;0;0;0;0;0;0;0;0;0;0;0;0;0;0;0;0;0;0;0;0;0;0;0;0;0;0;0;0;0;0;0;0;0;0;0;0;0;0;0;0;0;0;0;0;0;0;0;0;0;0;0;0;0;0;0;0;0;0;0;0;0;0;0;0;0;0;0;0;0;0;0;0;0;0;0;0;0;0;0;0
Crates Destroyed History;0;0;0;0;0;0;0;0;0;0;0;0;0;0;0;0;0;0;0;0;0;0;0;0;0;0;0;0;0;0;0;0;0;0;0;0;0;0;0;0;0;0;0;0;0;0;0;0;0;0;0;0;0;0;0;0;0;0;0;0;0;0;0;0;0;0;0;0;0;0;0;0;0;0;0;0;0;0;0;0;0;0;0;0;0;0;0;0;0;0;0;0;0;0;0;0;0;0;0;0;0;0;0;0;0;0;0;0;0;0;0;0;0;0;0;0;0;0;0;0;0;0;0;0;0;0;0;0;0;0;0;0;0;0;0;0;0;0;0;0;0;0;0;0;0;0;0;0;0;0;0;0;0;0;0;0;0;0;0;0;0;0;0;0;0;0;0;0;0;0;0;0;0;0;0;0;0;0;0;0;0;0;0;0;0;0;0;0;0;0;0;0;0;0;0;0;0;0;0;0;0;0;0;0;0;0;0;0;0;0;0;0;0;0;0;0;0;0;0;0;0;0;0;0;0;0;0;0;0;0;0;0;0;0;0;0;0;0;0;0;0;0;0;0;0;0;0;0;0;0;0;0;0;0;0;0;0;0;0;0;0;0;0;0;0;0;0;0;0;0;0;0;0;0;0;0;0;0;0;0;0;0;0;0;0;0;0;0;0;0;0;0;0;0;0;0;0;0;0;0;0;0;0;0;0;0;0;0;0;0;0;0;0;0;0;0;0;0;0;0;0;0;0;0;0;0;0;0;0;0;0;0;0;0;0;0;0;0;0;0;0;0;0;0;0;0;0;0;0;0;0;0;0;0;0;0;0;0;0;0;0;0;0;0;0;0;0;0;0;0;0;0;0;0;0;0;0;0;0;0;0;0;0;0;0;0;0;0;0;0;0;0;0;0;0;0;0;0;0;0;0;0;0;0;0;0;0;0;0;0;0;0;0;0;0;0;0;0;0;0;0;0;0;0;0;0;0;0;0;0;0;0;0;0;0;0;0;0;0;0;0;0;0;0;0;0;0;0;0;0;0;0;0;0;0;0;0;0;0;0;0;0;0;0;0;0;0;0;0;0;0;0;0;0;0;0;0;0;0;0;0;0;0;0;0;0;0;0;0;0;0;0;0;0;0;0;0;0;0;0;0;0;0;0;0;0;0;0;0;0;0;0;0;0;0;0;0;0;0;0;0;0;0;0;0;0;0;0;0;0;0;0;0;0;0;0;0;0;0;0;0;0;0;0;0;0;0;0;0;0;0;0;0;0;0;0;0;0;0;0;0;0;0;0;0;0;0;0;0;0;0;0;0;0;0;0;0;0;0;0;0;0;0;0;0;0;0;0;0;0;0;0;0;0;0;0;0;0;0;0;0;0;0;0;0;0;0;0;0;0;0;0;0;0;0;0;0;0;0;0;0;0;0;0;0;0;0;0;0;0;0;0;0;0;0;0;0;0;0;0;0;0;0;0;0;0;0;0;0;0;0;0;0;0;0;0;0;0;0;0;0;0;0;0;0;0;0;0;0;0;0;0;0;0;0;0;0;0;0;0;0;0;0;0;0;0;0;0;0;0;0;0;0;0;0;0;0;0;0;0;0;0;0;0;0;0;0;0;0;0;0;0;0;0;0;0;0;0;0;0;0;0;0;0;0;0;0;0;0;0;0;0;0;0;0;0;0;0;0;0;0;0;0;0;0;0;0;0;0;0;0;0;0;0;0;0;0;0;0;0;0;0;0;0;0;0;0;0;0;0;0;0;0;0;0;0;0;0;0;0;0;0;0;0;0;0;0;0;0;0;0;0;0;0;0;0;0;0;0;0;0;0;0;0;0;0;0;0;0;0;0;0;0;0;0;0;0;0;0;0;0;0;0;0;0;0;0;0;0;0;0;0;0;0;0;0;0;0;0;0;0;0;0;0;0;0;0;0;0;0;0;0;0;0;0;0;0;0;0;0;0;0;0;0;0;0;0;0;0;0;0;0;0;0;0;0;0;0;0;0;0;0;0;0;0;0;0;0;0;0;0;0;0;0;0;0;0;0;0;0;0;0;0;0;0;0;0;0;0;0;0;0;0;0;0;0;0;0;0;0;0;0;0;0;0;0;0;0;0;0;0;0;0;0;0;0;0;0;0;0;0;0;0;0;0;0;0;0;0;0;0;0;0;0;0;0;0;0;0;0;0;0;0;0;0;0;0;0;0;0;0;0;0;0;0;0;0;0;0;0;0;0;0;0;0;0;0;0;0;0;0;0;0;0;0;0;0;0;0;0;0;0;0;0;0;0;0;0;0;0;0;0;0;0;0;0;0;0;0;0;0;0;0;0;0;0;0;0;0;0;0;0;0;0;0;0;0;0;0;0;0;0;0;0;0;0;0;0;0;0;0;0;0;0;0;0;0;0;0;0;0;0;0;0;0;0;0;0;0;0;0;0;0;0;0;0;0;0;0;0;0;0;0;0;0;0;0;0;0;0;0;0;0;0;0;0;0;0;0;0;0;0;0;0;0;0;0;0;0;0;0;0;0;0;0;0;0;0;0;0;0;0;0;0;0;0;0;0;0;0;0;0;0;0;0;0;0;0;0;0;0;0;0;0;0;0;0;0;0;0;0;0;0;0;0;0;0;0;0;0;0;0;0;0;0;0;0;0;0;0;0;0;0;0;0;0;0;0;0;0;0;0;0;0;0;0;0;0;0;0;0;0;0;0;0;0;0;0;0;0;0;0;0;0;0;0;0;0;0;0;0;0;0;0;0;0;0;0;0;0;0;0;0;0;0;0;0;0;0;0;0;0;0;0;0;0;0;0;0;0;0;0;0;0;0;0;0;0;0;0;0;0;0;0;0;0;0;0;0;0;0;0;0;0;0;0;0;0;0;0;0;0;0;0;0;0;0;0;0;0;0;0;0;0;0;0;0;0;0;0;0;0;0;0;0;0;0;0;0;0;0;0;0;0;0;0;0;0;0;0;0;0;0;0;0;0;0;0;0;0;0;0;0;0;0;0;0;0;0;0;0;0;0;0;0;0;0;0;0;0;0;0;0;0;0;0;0;0;0;0;0;0;0;0;0;0;0;0;0;0;0;0;0;0;0;0;0;0;0;0;0;0;0;0;0;0;0;0;0;0;0;0;0;0;0;0;0;0;0;0;0;0;0;0;0;0;0;0;0;0;0;0;0;0;0;0;0;0;0;0;0;0;0;0;0;0;0;0;0;0;0;0;0;0;0;0;0;0;0;0;0;0;0;0;0;0;0;0;0;0
